s26342-26181	1	15	4	4
s26342-26181	2	16	1	5
s26342-26181	3	17	0	5
s26342-26181	4	18	0	5
s26342-26181	5	19	0	5
s26342-26181	6	20	0	5
s26342-26181	7	21	0	5
s26342-26181	8	22	2	7
s26342-26181	9	23	2	9
s26342-26181	10	24	3	12
s26342-26181	11	25	2	14
s26342-26181	12	26	1	15
s26342-26181	13	27	5	20
s26342-26181	14	28	7	27
s26342-26181	15	29	6	33
s26342-26181	16	30	5	34
s26342-26181	17	31	2	35
s26342-26181	18	32	1	36
s26342-26181	19	33	1	37
s26342-26181	20	34	1	38
s26342-26181	21	35	3	41
s26342-26181	22	36	3	44
s26342-26181	23	37	0	42
s26342-26181	24	38	0	40
s26342-26181	25	39	1	38
s26342-26181	26	40	1	37
s26342-26181	27	41	7	43
s26342-26181	28	42	6	44
s26342-26181	29	43	11	48
s26342-26181	30	44	7	49
s26342-26181	31	45	3	47
s26342-26181	32	46	3	48
s26342-26181	33	47	2	49
s26342-26181	34	48	1	49
s26342-26181	35	49	0	48
s26342-26181	36	50	0	45
s26342-26181	37	51	3	45
s26342-26181	38	52	5	50
s26342-26181	39	53	5	55
s21038-20844	1	15	3	3
s21038-20844	2	16	3	6
s21038-20844	3	17	2	8
s21038-20844	4	18	0	8
s21038-20844	5	19	0	8
s21038-20844	6	20	0	8
s21038-20844	7	21	1	9
s21038-20844	8	22	1	10
s21038-20844	9	23	1	11
s21038-20844	10	24	1	12
s21038-20844	11	25	6	18
s21038-20844	12	26	13	31
s21038-20844	13	27	11	42
s21038-20844	14	28	5	47
s21038-20844	15	29	2	49
s21038-20844	16	30	0	46
s21038-20844	17	31	1	44
s21038-20844	18	32	1	43
s21038-20844	19	33	0	43
s21038-20844	20	34	0	43
s21038-20844	21	35	0	43
s21038-20844	22	36	4	46
s21038-20844	23	37	8	53
s21038-20844	24	38	10	62
s21038-20844	25	39	4	65
s21038-20844	26	40	3	62
s21038-20844	27	41	1	50
s21038-20844	28	42	0	39
s21038-20844	29	43	0	34
s21038-20844	30	44	0	32
s21038-20844	31	45	0	32
s21038-20844	32	46	0	31
s21038-20844	33	47	0	30
s21038-20844	34	48	0	30
s21038-20844	35	49	0	30
s21038-20844	36	50	0	30
s21038-20844	37	51	1	27
s21038-20844	38	52	1	20
s21038-20844	39	53	1	11
s21038-20844	40	54	0	7
s21038-20844	41	55	0	4
s21038-20844	42	56	1	4
s21038-20844	43	57	1	5
s21038-20844	44	58	0	5
s21038-20844	45	59	0	5
s21038-20844	46	60	0	5
s21038-20844	47	61	0	5
s21038-20844	48	62	0	5
s21038-20844	49	63	0	5
s21038-20844	50	64	0	5
s19856-19713	1	15	0	0
s19856-19713	2	16	1	1
s19856-19713	3	17	1	2
s19856-19713	4	18	1	3
s19856-19713	5	19	2	5
s19856-19713	6	20	2	7
s19856-19713	7	21	2	9
s19856-19713	8	22	2	11
s19856-19713	9	23	0	11
s19856-19713	10	24	0	11
s19856-19713	11	25	0	11
s19856-19713	12	26	0	11
s19856-19713	13	27	0	11
s19856-19713	14	28	1	12
s19856-19713	15	29	1	13
s19856-19713	16	30	1	14
s19856-19713	17	31	1	14
s19856-19713	18	32	0	13
s19856-19713	19	33	0	12
s19856-19713	20	34	0	10
s19856-19713	21	35	0	8
s19856-19713	22	36	0	6
s19856-19713	23	37	1	5
s19856-19713	24	38	2	7
s19856-19713	25	39	3	10
s19856-19713	26	40	2	12
s19856-19713	27	41	3	15
s19856-19713	28	42	5	20
s19856-19713	29	43	10	29
s19856-19713	30	44	5	33
s19856-19713	31	45	3	35
s19856-19713	32	46	1	35
s19856-19713	33	47	1	36
s18185-17979	1	15	0	0
s18185-17979	2	16	0	0
s18185-17979	3	17	0	0
s18185-17979	4	18	0	0
s18185-17979	5	19	0	0
s18185-17979	6	20	0	0
s18185-17979	7	21	0	0
s18185-17979	8	22	0	0
s18185-17979	9	23	0	0
s18185-17979	10	24	0	0
s18185-17979	11	25	1	1
s18185-17979	12	26	1	2
s18185-17979	13	27	3	5
s18185-17979	14	28	0	5
s18185-17979	15	29	0	5
s18185-17979	16	30	0	5
s18185-17979	17	31	0	5
s18185-17979	18	32	0	5
s18185-17979	19	33	0	5
s18185-17979	20	34	0	5
s18185-17979	21	35	0	5
s18185-17979	22	36	0	5
s18185-17979	23	37	0	5
s18185-17979	24	38	0	5
s18185-17979	25	39	0	5
s18185-17979	26	40	0	4
s18185-17979	27	41	0	3
s18185-17979	28	42	0	0
s18185-17979	29	43	1	1
s18185-17979	30	44	9	10
s18185-17979	31	45	9	19
s18185-17979	32	46	10	29
s18185-17979	33	47	6	35
s18185-17979	34	48	2	37
s18185-17979	35	49	3	40
s18185-17979	36	50	1	41
s18185-17979	37	51	0	41
s18185-17979	38	52	0	41
s18185-17979	39	53	0	41
s18185-17979	40	54	0	41
s18185-17979	41	55	1	42
s18185-17979	42	56	2	44
s18185-17979	43	57	1	45
s18185-17979	44	58	2	46
s18185-17979	45	59	0	37
s18185-17979	46	60	0	28
s18185-17979	47	61	0	18
s18185-17979	48	62	0	12
s18185-17979	49	63	2	12
s18185-17979	50	64	5	14
s18185-17979	51	65	6	19
s18185-17979	52	66	7	26
s18185-17979	53	67	4	30
s18185-17979	54	68	0	30
s17543-17445	1	15	13	13
s17543-17445	2	16	15	28
s17543-17445	3	17	12	40
s17543-17445	4	18	13	53
s17543-17445	5	19	5	58
s17543-17445	6	20	2	60
s17543-17445	7	21	0	60
s17543-17445	8	22	0	60
s17543-17445	9	23	0	60
s17543-17445	10	24	2	62
s17543-17445	11	25	5	67
s17543-17445	12	26	8	75
s17543-17445	13	27	8	83
s17543-17445	14	28	5	88
s17543-17445	15	29	1	89
s17543-17445	16	30	0	76
s17543-17445	17	31	0	61
s17543-17445	18	32	5	54
s28081-28191	1	15	3	3
s28081-28191	2	16	2	5
s28081-28191	3	17	2	7
s28081-28191	4	18	6	13
s28081-28191	5	19	7	20
s28081-28191	6	20	12	32
s28081-28191	7	21	5	37
s28081-28191	8	22	4	41
s28081-28191	9	23	2	43
s28081-28191	10	24	2	45
s28081-28191	11	25	3	48
s28081-28191	12	26	3	51
s28081-28191	13	27	3	54
s28081-28191	14	28	2	56
s28081-28191	15	29	0	56
s28081-28191	16	30	0	53
s28081-28191	17	31	0	51
s28081-28191	18	32	2	51
s28081-28191	19	33	3	48
s28081-28191	20	34	3	44
s28081-28191	21	35	1	33
s28081-28191	22	36	0	28
s16295-16200	1	15	0	0
s16295-16200	2	16	0	0
s16295-16200	3	17	1	1
s16295-16200	4	18	1	2
s16295-16200	5	19	0	2
s16295-16200	6	20	0	2
s16295-16200	7	21	0	2
s16295-16200	8	22	0	2
s16295-16200	9	23	0	2
s16295-16200	10	24	0	2
s16295-16200	11	25	0	2
s16295-16200	12	26	0	2
s16295-16200	13	27	0	2
s16295-16200	14	28	0	2
s16295-16200	15	29	0	2
s16295-16200	16	30	0	2
s16295-16200	17	31	0	2
s14027-13905	1	15	0	0
s14027-13905	2	16	0	0
s14027-13905	3	17	0	0
s14027-13905	4	18	2	2
s14027-13905	5	19	2	4
s14027-13905	6	20	2	6
s14027-13905	7	21	3	9
s14027-13905	8	22	2	11
s14027-13905	9	23	3	14
s14027-13905	10	24	6	20
s14027-13905	11	25	1	21
s14027-13905	12	26	0	21
s14027-13905	13	27	0	21
s14027-13905	14	28	1	22
s14027-13905	15	29	3	25
s14027-13905	16	30	9	34
s14027-13905	17	31	10	44
s14027-13905	18	32	8	52
s14027-13905	19	33	6	56
s14027-13905	20	34	1	55
s14027-13905	21	35	3	56
s14027-13905	22	36	5	58
s14027-13905	23	37	9	65
s14027-13905	24	38	7	69
s14027-13905	25	39	5	68
s14027-13905	26	40	6	73
s13550-13359	1	15	10	10
s13550-13359	2	16	13	23
s13550-13359	3	17	15	38
s13550-13359	4	18	7	45
s13550-13359	5	19	3	48
s13550-13359	6	20	4	52
s13550-13359	7	21	5	57
s13550-13359	8	22	7	64
s13550-13359	9	23	3	67
s13550-13359	10	24	0	67
s13550-13359	11	25	0	67
s13550-13359	12	26	0	67
s13550-13359	13	27	2	69
s13550-13359	14	28	3	72
s13550-13359	15	29	3	75
s13550-13359	16	30	2	67
s13550-13359	17	31	0	54
s13550-13359	18	32	1	40
s13550-13359	19	33	3	36
s13550-13359	20	34	4	37
s13550-13359	21	35	1	34
s13550-13359	22	36	0	29
s13550-13359	23	37	0	22
s13550-13359	24	38	2	21
s13550-13359	25	39	7	28
s13550-13359	26	40	6	34
s13550-13359	27	41	0	34
s13550-13359	28	42	2	34
s13550-13359	29	43	3	34
s13550-13359	30	44	4	35
s13550-13359	31	45	0	33
s13550-13359	32	46	1	34
s13550-13359	33	47	1	34
s13550-13359	34	48	1	32
s13550-13359	35	49	0	28
s13550-13359	36	50	2	29
s13550-13359	37	51	9	38
s13550-13359	38	52	3	41
s13550-13359	39	53	2	41
s13550-13359	40	54	2	36
s13550-13359	41	55	2	32
s13550-13359	42	56	2	34
s13550-13359	43	57	3	35
s13550-13359	44	58	5	37
s13550-13359	45	59	5	38
s13550-13359	46	60	2	40
s13550-13359	47	61	0	39
s13550-13359	48	62	0	38
s13550-13359	49	63	0	37
s10856-10755	1	15	4	4
s10856-10755	2	16	4	8
s10856-10755	3	17	1	9
s10856-10755	4	18	6	15
s10856-10755	5	19	11	26
s10856-10755	6	20	8	34
s10856-10755	7	21	11	45
s10856-10755	8	22	6	51
s10856-10755	9	23	4	55
s10856-10755	10	24	2	57
s10856-10755	11	25	1	58
s10856-10755	12	26	0	58
s10856-10755	13	27	1	59
s10856-10755	14	28	2	61
s10856-10755	15	29	2	63
s10856-10755	16	30	1	60
s10856-10755	17	31	0	56
s10856-10755	18	32	0	55
s10856-10755	19	33	0	49
s692-516	1	15	0	0
s692-516	2	16	0	0
s692-516	3	17	0	0
s692-516	4	18	2	2
s692-516	5	19	2	4
s692-516	6	20	0	4
s692-516	7	21	2	6
s692-516	8	22	4	10
s692-516	9	23	9	19
s692-516	10	24	7	26
s692-516	11	25	5	31
s692-516	12	26	4	35
s692-516	13	27	5	40
s692-516	14	28	2	42
s692-516	15	29	0	42
s692-516	16	30	0	42
s692-516	17	31	0	42
s692-516	18	32	0	42
s692-516	19	33	0	40
s692-516	20	34	0	38
s692-516	21	35	0	38
s692-516	22	36	0	36
s692-516	23	37	1	33
s692-516	24	38	3	27
s692-516	25	39	4	24
s692-516	26	40	4	23
s692-516	27	41	3	22
s692-516	28	42	1	18
s692-516	29	43	1	17
s692-516	30	44	1	18
s692-516	31	45	0	18
s692-516	32	46	0	18
s692-516	33	47	0	18
s692-516	34	48	0	18
s692-516	35	49	0	18
s692-516	36	50	0	18
s692-516	37	51	0	18
s692-516	38	52	1	18
s692-516	39	53	2	17
s692-516	40	54	1	14
s692-516	41	55	2	12
s692-516	42	56	0	9
s692-516	43	57	0	8
s692-516	44	58	0	7
s29341-29207	1	15	0	0
s29341-29207	2	16	0	0
s29341-29207	3	17	0	0
s29341-29207	4	18	1	1
s29341-29207	5	19	1	2
s29341-29207	6	20	0	2
s29341-29207	7	21	0	2
s29341-29207	8	22	0	2
s29341-29207	9	23	0	2
s29341-29207	10	24	0	2
s29341-29207	11	25	0	2
s29341-29207	12	26	3	5
s29341-29207	13	27	4	9
s29341-29207	14	28	5	14
s29341-29207	15	29	3	17
s29341-29207	16	30	0	17
s29341-29207	17	31	0	17
s29341-29207	18	32	0	17
s29341-29207	19	33	0	16
s29341-29207	20	34	0	15
s29341-29207	21	35	0	15
s29341-29207	22	36	0	15
s29341-29207	23	37	0	15
s29341-29207	24	38	0	15
s29341-29207	25	39	0	15
s29341-29207	26	40	0	15
s29341-29207	27	41	0	12
s29341-29207	28	42	0	8
s29341-29207	29	43	4	7
s29341-29207	30	44	4	8
s27004-26804	1	15	0	0
s27004-26804	2	16	0	0
s27004-26804	3	17	0	0
s27004-26804	4	18	0	0
s27004-26804	5	19	0	0
s27004-26804	6	20	0	0
s27004-26804	7	21	1	1
s27004-26804	8	22	1	2
s27004-26804	9	23	1	3
s27004-26804	10	24	0	3
s27004-26804	11	25	0	3
s27004-26804	12	26	0	3
s27004-26804	13	27	0	3
s27004-26804	14	28	0	3
s27004-26804	15	29	0	3
s27004-26804	16	30	0	3
s27004-26804	17	31	1	4
s27004-26804	18	32	2	6
s27004-26804	19	33	2	8
s27004-26804	20	34	1	9
s27004-26804	21	35	0	9
s27004-26804	22	36	0	8
s27004-26804	23	37	0	7
s27004-26804	24	38	0	6
s27004-26804	25	39	0	6
s27004-26804	26	40	0	6
s27004-26804	27	41	1	7
s27004-26804	28	42	5	12
s27004-26804	29	43	5	17
s27004-26804	30	44	4	21
s27004-26804	31	45	4	25
s27004-26804	32	46	3	27
s27004-26804	33	47	0	25
s27004-26804	34	48	0	23
s27004-26804	35	49	0	22
s27004-26804	36	50	0	22
s27004-26804	37	51	1	23
s27004-26804	38	52	3	26
s27004-26804	39	53	0	26
s27004-26804	40	54	1	27
s27004-26804	41	55	3	30
s27004-26804	42	56	3	32
s27004-26804	43	57	4	31
s27004-26804	44	58	1	27
s27004-26804	45	59	0	23
s27004-26804	46	60	0	19
s27004-26804	47	61	1	17
s27004-26804	48	62	4	21
s27004-26804	49	63	8	29
s27004-26804	50	64	10	39
s27004-26804	51	65	5	44
s27004-26804	52	66	6	49
s25807-25586	1	15	5	5
s25807-25586	2	16	2	7
s25807-25586	3	17	0	7
s25807-25586	4	18	0	7
s25807-25586	5	19	0	7
s25807-25586	6	20	0	7
s25807-25586	7	21	0	7
s25807-25586	8	22	0	7
s25807-25586	9	23	0	7
s25807-25586	10	24	1	8
s25807-25586	11	25	4	12
s25807-25586	12	26	7	19
s25807-25586	13	27	2	21
s25807-25586	14	28	1	22
s25807-25586	15	29	2	24
s25807-25586	16	30	2	21
s25807-25586	17	31	3	22
s25807-25586	18	32	5	27
s25807-25586	19	33	5	32
s25807-25586	20	34	3	35
s25807-25586	21	35	0	35
s25807-25586	22	36	0	35
s25807-25586	23	37	1	36
s25807-25586	24	38	1	37
s25807-25586	25	39	3	39
s25807-25586	26	40	1	36
s25807-25586	27	41	0	29
s25807-25586	28	42	0	27
s25807-25586	29	43	0	26
s25807-25586	30	44	0	24
s25807-25586	31	45	1	23
s25807-25586	32	46	0	20
s25807-25586	33	47	1	16
s25807-25586	34	48	2	13
s25807-25586	35	49	0	10
s25807-25586	36	50	0	10
s25807-25586	37	51	0	10
s25807-25586	38	52	0	9
s25807-25586	39	53	0	8
s25807-25586	40	54	0	5
s25807-25586	41	55	0	4
s25807-25586	42	56	2	6
s25807-25586	43	57	1	7
s25807-25586	44	58	0	7
s25807-25586	45	59	0	7
s25807-25586	46	60	2	8
s25807-25586	47	61	3	11
s25807-25586	48	62	0	10
s25807-25586	49	63	0	8
s25807-25586	50	64	0	8
s25807-25586	51	65	0	8
s25807-25586	52	66	0	8
s25807-25586	53	67	0	8
s25807-25586	54	68	0	8
s25807-25586	55	69	0	8
s25807-25586	56	70	0	8
s25807-25586	57	71	0	6
s25807-25586	58	72	2	7
s25807-25586	59	73	4	11
s23437-23198	1	15	0	0
s23437-23198	2	16	0	0
s23437-23198	3	17	1	1
s23437-23198	4	18	1	2
s23437-23198	5	19	0	2
s23437-23198	6	20	2	4
s23437-23198	7	21	10	14
s23437-23198	8	22	16	30
s23437-23198	9	23	16	46
s23437-23198	10	24	9	55
s23437-23198	11	25	3	58
s23437-23198	12	26	0	58
s23437-23198	13	27	0	58
s23437-23198	14	28	0	58
s23437-23198	15	29	0	58
s23437-23198	16	30	0	58
s23437-23198	17	31	1	59
s23437-23198	18	32	0	58
s23437-23198	19	33	0	57
s23437-23198	20	34	0	57
s23437-23198	21	35	0	55
s23437-23198	22	36	1	46
s23437-23198	23	37	2	32
s23437-23198	24	38	1	17
s23437-23198	25	39	2	10
s23437-23198	26	40	1	8
s23437-23198	27	41	0	8
s23437-23198	28	42	0	8
s23437-23198	29	43	0	8
s23437-23198	30	44	0	8
s23437-23198	31	45	0	8
s23437-23198	32	46	0	7
s23437-23198	33	47	0	7
s23437-23198	34	48	0	7
s23437-23198	35	49	0	7
s23437-23198	36	50	0	7
s23437-23198	37	51	0	6
s23437-23198	38	52	0	4
s23437-23198	39	53	0	3
s23437-23198	40	54	0	1
s23437-23198	41	55	1	1
s23437-23198	42	56	1	2
s23437-23198	43	57	2	4
s23437-23198	44	58	1	5
s23437-23198	45	59	1	6
s23437-23198	46	60	1	7
s23437-23198	47	61	5	12
s23437-23198	48	62	7	19
s23437-23198	49	63	3	22
s23437-23198	50	64	2	24
s23437-23198	51	65	5	29
s23437-23198	52	66	5	34
s23437-23198	53	67	5	39
s23437-23198	54	68	2	41
s23437-23198	55	69	1	42
s23437-23198	56	70	0	41
s23437-23198	57	71	0	40
s23437-23198	58	72	0	38
s23437-23198	59	73	1	38
s23437-23198	60	74	3	40
s23437-23198	61	75	2	41
s23437-23198	62	76	1	37
s23437-23198	63	77	1	31
s23437-23198	64	78	2	30
s23437-23198	65	79	2	30
s16939-16799	1	15	7	7
s16939-16799	2	16	4	11
s16939-16799	3	17	1	12
s16939-16799	4	18	0	12
s16939-16799	5	19	0	12
s16939-16799	6	20	0	12
s16939-16799	7	21	0	12
s16939-16799	8	22	0	12
s16939-16799	9	23	0	12
s16939-16799	10	24	0	12
s16939-16799	11	25	0	12
s16939-16799	12	26	0	12
s16939-16799	13	27	0	12
s16939-16799	14	28	0	12
s16939-16799	15	29	1	13
s16939-16799	16	30	2	8
s16939-16799	17	31	3	7
s16939-16799	18	32	2	8
s16939-16799	19	33	2	10
s16939-16799	20	34	0	10
s16939-16799	21	35	0	10
s16939-16799	22	36	0	10
s16939-16799	23	37	1	11
s16939-16799	24	38	3	14
s16939-16799	25	39	4	18
s16939-16799	26	40	1	19
s16939-16799	27	41	1	20
s16939-16799	28	42	0	20
s16939-16799	29	43	0	20
s16939-16799	30	44	0	19
s16939-16799	31	45	0	17
s16939-16799	32	46	0	14
s16306-16208	1	15	0	0
s16306-16208	2	16	0	0
s16306-16208	3	17	0	0
s16306-16208	4	18	0	0
s16306-16208	5	19	0	0
s16306-16208	6	20	0	0
s16306-16208	7	21	0	0
s16306-16208	8	22	0	0
s16306-16208	9	23	0	0
s16306-16208	10	24	0	0
s16306-16208	11	25	0	0
s16306-16208	12	26	0	0
s16306-16208	13	27	0	0
s16306-16208	14	28	0	0
s16306-16208	15	29	0	0
s16306-16208	16	30	0	0
s16306-16208	17	31	0	0
s16306-16208	18	32	0	0
s15682-15566	1	15	0	0
s15682-15566	2	16	0	0
s15682-15566	3	17	0	0
s15682-15566	4	18	0	0
s15682-15566	5	19	0	0
s15682-15566	6	20	0	0
s15682-15566	7	21	0	0
s15682-15566	8	22	2	2
s15682-15566	9	23	3	5
s15682-15566	10	24	4	9
s15682-15566	11	25	6	15
s15682-15566	12	26	3	18
s15682-15566	13	27	1	19
s15682-15566	14	28	0	19
s15682-15566	15	29	0	19
s15682-15566	16	30	0	19
s15682-15566	17	31	0	19
s15682-15566	18	32	0	19
s15682-15566	19	33	0	19
s15682-15566	20	34	0	19
s15682-15566	21	35	0	19
s15682-15566	22	36	0	19
s15682-15566	23	37	0	17
s15682-15566	24	38	0	14
s14059-13910	1	15	0	0
s14059-13910	2	16	2	2
s14059-13910	3	17	2	4
s14059-13910	4	18	2	6
s14059-13910	5	19	3	9
s14059-13910	6	20	2	11
s14059-13910	7	21	2	13
s14059-13910	8	22	1	14
s14059-13910	9	23	0	14
s14059-13910	10	24	1	15
s14059-13910	11	25	1	16
s14059-13910	12	26	6	22
s14059-13910	13	27	6	28
s14059-13910	14	28	5	33
s14059-13910	15	29	1	34
s14059-13910	16	30	0	34
s14059-13910	17	31	0	32
s14059-13910	18	32	1	31
s14059-13910	19	33	2	31
s14059-13910	20	34	2	30
s14059-13910	21	35	2	30
s14059-13910	22	36	3	31
s14059-13910	23	37	5	35
s14059-13910	24	38	1	36
s14059-13910	25	39	1	36
s14059-13910	26	40	0	35
s14059-13910	27	41	0	29
s14059-13910	28	42	0	23
s14059-13910	29	43	1	19
s14059-13910	30	44	5	23
s14059-13910	31	45	5	28
s14059-13910	32	46	5	33
s14059-13910	33	47	3	35
s14059-13910	34	48	3	36
s14059-13910	35	49	4	38
s13273-13115	1	15	1	1
s13273-13115	2	16	0	1
s13273-13115	3	17	0	1
s13273-13115	4	18	0	1
s13273-13115	5	19	0	1
s13273-13115	6	20	0	1
s13273-13115	7	21	0	1
s13273-13115	8	22	0	1
s13273-13115	9	23	0	1
s13273-13115	10	24	0	1
s13273-13115	11	25	1	2
s13273-13115	12	26	0	2
s13273-13115	13	27	5	7
s13273-13115	14	28	3	10
s13273-13115	15	29	3	13
s13273-13115	16	30	0	12
s13273-13115	17	31	0	12
s13273-13115	18	32	0	12
s13273-13115	19	33	0	12
s13273-13115	20	34	0	12
s13273-13115	21	35	0	12
s13273-13115	22	36	0	12
s13273-13115	23	37	0	12
s13273-13115	24	38	0	12
s13273-13115	25	39	0	12
s13273-13115	26	40	0	11
s13273-13115	27	41	0	11
s13273-13115	28	42	0	6
s13273-13115	29	43	0	3
s13273-13115	30	44	0	0
s13273-13115	31	45	0	0
s13273-13115	32	46	0	0
s13273-13115	33	47	0	0
s13273-13115	34	48	0	0
s13273-13115	35	49	1	1
s13273-13115	36	50	5	6
s13273-13115	37	51	7	13
s13273-13115	38	52	9	22
s14651-14752	1	15	7	7
s14651-14752	2	16	4	11
s14651-14752	3	17	2	13
s14651-14752	4	18	0	13
s14651-14752	5	19	0	13
s14651-14752	6	20	0	13
s14651-14752	7	21	0	13
s14651-14752	8	22	0	13
s14651-14752	9	23	0	13
s14651-14752	10	24	0	13
s14651-14752	11	25	0	13
s14651-14752	12	26	0	13
s14651-14752	13	27	0	13
s14651-14752	14	28	0	13
s14651-14752	15	29	0	13
s14651-14752	16	30	0	6
s14651-14752	17	31	0	2
s14651-14752	18	32	0	0
s14651-14752	19	33	0	0
s10177-10040	1	15	5	5
s10177-10040	2	16	3	8
s10177-10040	3	17	3	11
s10177-10040	4	18	2	13
s10177-10040	5	19	0	13
s10177-10040	6	20	0	13
s10177-10040	7	21	0	13
s10177-10040	8	22	0	13
s10177-10040	9	23	0	13
s10177-10040	10	24	0	13
s10177-10040	11	25	0	13
s10177-10040	12	26	0	13
s10177-10040	13	27	0	13
s10177-10040	14	28	0	13
s10177-10040	15	29	0	13
s10177-10040	16	30	0	8
s10177-10040	17	31	5	10
s10177-10040	18	32	11	18
s10177-10040	19	33	10	26
s10177-10040	20	34	8	34
s10177-10040	21	35	2	36
s10177-10040	22	36	0	36
s10177-10040	23	37	0	36
s10177-10040	24	38	0	36
s10177-10040	25	39	1	37
s10177-10040	26	40	0	37
s10177-10040	27	41	0	37
s10177-10040	28	42	0	37
s10177-10040	29	43	0	37
s10177-10040	30	44	0	37
s10177-10040	31	45	0	37
s9493-9395	1	15	5	5
s9493-9395	2	16	2	7
s9493-9395	3	17	1	8
s9493-9395	4	18	1	9
s9493-9395	5	19	0	9
s9493-9395	6	20	0	9
s9493-9395	7	21	0	9
s9493-9395	8	22	0	9
s9493-9395	9	23	0	9
s9493-9395	10	24	0	9
s9493-9395	11	25	0	9
s9493-9395	12	26	0	9
s9493-9395	13	27	0	9
s9493-9395	14	28	1	10
s9493-9395	15	29	1	11
s9493-9395	16	30	1	7
s9493-9395	17	31	1	6
s9493-9395	18	32	1	6
s8359-8237	1	15	0	0
s8359-8237	2	16	2	2
s8359-8237	3	17	2	4
s8359-8237	4	18	1	5
s8359-8237	5	19	1	6
s8359-8237	6	20	0	6
s8359-8237	7	21	0	6
s8359-8237	8	22	0	6
s8359-8237	9	23	0	6
s8359-8237	10	24	0	6
s8359-8237	11	25	0	6
s8359-8237	12	26	1	7
s8359-8237	13	27	3	10
s8359-8237	14	28	3	13
s8359-8237	15	29	3	16
s8359-8237	16	30	3	19
s8359-8237	17	31	0	17
s8359-8237	18	32	0	15
s8359-8237	19	33	0	14
s8359-8237	20	34	0	13
s8359-8237	21	35	4	17
s8359-8237	22	36	12	29
s8359-8237	23	37	13	42
s8359-8237	24	38	11	53
s8359-8237	25	39	6	59
s8359-8237	26	40	7	66
s7825-7688	1	15	0	0
s7825-7688	2	16	2	2
s7825-7688	3	17	1	3
s7825-7688	4	18	2	5
s7825-7688	5	19	2	7
s7825-7688	6	20	1	8
s7825-7688	7	21	1	9
s7825-7688	8	22	1	10
s7825-7688	9	23	0	10
s7825-7688	10	24	0	10
s7825-7688	11	25	2	12
s7825-7688	12	26	2	14
s7825-7688	13	27	3	17
s7825-7688	14	28	3	20
s7825-7688	15	29	4	24
s7825-7688	16	30	2	26
s7825-7688	17	31	0	24
s7825-7688	18	32	1	24
s7825-7688	19	33	4	26
s7825-7688	20	34	7	31
s7825-7688	21	35	3	33
s7825-7688	22	36	1	33
s7825-7688	23	37	0	32
s7825-7688	24	38	2	34
s7825-7688	25	39	3	37
s7825-7688	26	40	3	38
s7825-7688	27	41	3	39
s7825-7688	28	42	1	37
s7825-7688	29	43	1	35
s7825-7688	30	44	2	33
s7825-7688	31	45	2	33
s7336-7232	1	15	1	1
s7336-7232	2	16	1	2
s7336-7232	3	17	0	2
s7336-7232	4	18	0	2
s7336-7232	5	19	0	2
s7336-7232	6	20	0	2
s7336-7232	7	21	1	3
s7336-7232	8	22	0	3
s7336-7232	9	23	0	3
s7336-7232	10	24	0	3
s7336-7232	11	25	0	3
s7336-7232	12	26	0	3
s7336-7232	13	27	5	8
s7336-7232	14	28	2	10
s7336-7232	15	29	5	15
s7336-7232	16	30	0	14
s7336-7232	17	31	0	13
s7336-7232	18	32	0	13
s7336-7232	19	33	0	13
s7336-7232	20	34	0	13
s5779-5687	1	15	0	0
s5779-5687	2	16	0	0
s5779-5687	3	17	0	0
s5779-5687	4	18	5	5
s5779-5687	5	19	0	5
s5779-5687	6	20	0	5
s5779-5687	7	21	0	5
s5779-5687	8	22	0	5
s5779-5687	9	23	0	5
s5779-5687	10	24	0	5
s5779-5687	11	25	0	5
s5779-5687	12	26	0	5
s5779-5687	13	27	0	5
s5779-5687	14	28	0	5
s5779-5687	15	29	0	5
s5779-5687	16	30	0	5
s3466-3359	1	15	0	0
s3466-3359	2	16	0	0
s3466-3359	3	17	0	0
s3466-3359	4	18	0	0
s3466-3359	5	19	0	0
s3466-3359	6	20	0	0
s3466-3359	7	21	0	0
s3466-3359	8	22	0	0
s3466-3359	9	23	0	0
s3466-3359	10	24	1	1
s3466-3359	11	25	2	3
s3466-3359	12	26	1	4
s3466-3359	13	27	1	5
s3466-3359	14	28	2	7
s3466-3359	15	29	0	7
s3466-3359	16	30	0	7
s3466-3359	17	31	0	7
s3466-3359	18	32	0	7
s3466-3359	19	33	0	7
s3466-3359	20	34	1	8
s3466-3359	21	35	1	9
s1570-1391	1	15	9	9
s1570-1391	2	16	11	20
s1570-1391	3	17	6	26
s1570-1391	4	18	1	27
s1570-1391	5	19	0	27
s1570-1391	6	20	2	29
s1570-1391	7	21	5	34
s1570-1391	8	22	11	45
s1570-1391	9	23	2	47
s1570-1391	10	24	1	48
s1570-1391	11	25	1	49
s1570-1391	12	26	7	56
s1570-1391	13	27	12	68
s1570-1391	14	28	15	83
s1570-1391	15	29	9	92
s1570-1391	16	30	3	86
s1570-1391	17	31	0	75
s1570-1391	18	32	1	70
s1570-1391	19	33	6	75
s1570-1391	20	34	9	84
s1570-1391	21	35	1	83
s1570-1391	22	36	0	78
s1570-1391	23	37	0	67
s1570-1391	24	38	0	65
s1570-1391	25	39	0	64
s1570-1391	26	40	0	63
s1570-1391	27	41	1	57
s1570-1391	28	42	1	46
s1570-1391	29	43	1	32
s1570-1391	30	44	2	25
s1570-1391	31	45	2	24
s1570-1391	32	46	0	24
s1570-1391	33	47	0	23
s1570-1391	34	48	0	17
s1570-1391	35	49	0	8
s1570-1391	36	50	0	7
s1570-1391	37	51	1	8
s1570-1391	38	52	4	12
s1570-1391	39	53	4	16
s1570-1391	40	54	1	17
s1570-1391	41	55	4	21
s1570-1391	42	56	5	25
s1570-1391	43	57	8	32
s1570-1391	44	58	8	39
s1570-1391	45	59	3	40
s667-422	1	15	3	3
s667-422	2	16	10	13
s667-422	3	17	10	23
s667-422	4	18	7	30
s667-422	5	19	7	37
s667-422	6	20	3	40
s667-422	7	21	1	41
s667-422	8	22	0	41
s667-422	9	23	0	41
s667-422	10	24	1	42
s667-422	11	25	1	43
s667-422	12	26	5	48
s667-422	13	27	3	51
s667-422	14	28	6	57
s667-422	15	29	4	61
s667-422	16	30	3	61
s667-422	17	31	4	55
s667-422	18	32	1	46
s667-422	19	33	0	39
s667-422	20	34	0	32
s667-422	21	35	0	29
s667-422	22	36	0	28
s667-422	23	37	0	28
s667-422	24	38	0	28
s667-422	25	39	0	27
s667-422	26	40	0	26
s667-422	27	41	0	21
s667-422	28	42	0	18
s667-422	29	43	0	12
s667-422	30	44	0	8
s667-422	31	45	0	5
s667-422	32	46	0	1
s667-422	33	47	0	0
s667-422	34	48	0	0
s667-422	35	49	0	0
s667-422	36	50	0	0
s667-422	37	51	0	0
s667-422	38	52	0	0
s667-422	39	53	0	0
s667-422	40	54	1	1
s667-422	41	55	2	3
s667-422	42	56	1	4
s667-422	43	57	2	6
s667-422	44	58	1	7
s667-422	45	59	1	8
s667-422	46	60	1	9
s667-422	47	61	0	9
s667-422	48	62	0	9
s667-422	49	63	0	9
s667-422	50	64	0	9
s667-422	51	65	1	10
s667-422	52	66	0	10
s667-422	53	67	0	10
s667-422	54	68	3	13
s667-422	55	69	4	16
s667-422	56	70	4	18
s667-422	57	71	8	25
s667-422	58	72	4	27
s667-422	59	73	1	27
s667-422	60	74	1	27
s667-422	61	75	0	26
s667-422	62	76	0	26
s667-422	63	77	1	27
s667-422	64	78	1	28
s667-422	65	79	1	29
s667-422	66	80	1	29
s667-422	67	81	2	31
s15461-15667	1	15	0	0
s15461-15667	2	16	0	0
s15461-15667	3	17	0	0
s15461-15667	4	18	0	0
s15461-15667	5	19	0	0
s15461-15667	6	20	0	0
s15461-15667	7	21	0	0
s15461-15667	8	22	0	0
s15461-15667	9	23	0	0
s15461-15667	10	24	0	0
s15461-15667	11	25	0	0
s15461-15667	12	26	0	0
s15461-15667	13	27	0	0
s15461-15667	14	28	1	1
s15461-15667	15	29	2	3
s15461-15667	16	30	1	4
s15461-15667	17	31	0	4
s15461-15667	18	32	1	5
s15461-15667	19	33	1	6
s15461-15667	20	34	1	7
s15461-15667	21	35	1	8
s15461-15667	22	36	0	8
s15461-15667	23	37	0	8
s15461-15667	24	38	0	8
s15461-15667	25	39	1	9
s15461-15667	26	40	2	11
s15461-15667	27	41	4	15
s15461-15667	28	42	2	17
s15461-15667	29	43	0	16
s15461-15667	30	44	1	15
s15461-15667	31	45	2	16
s15461-15667	32	46	3	19
s15461-15667	33	47	2	20
s15461-15667	34	48	0	19
s15461-15667	35	49	0	18
s15461-15667	36	50	0	17
s15461-15667	37	51	0	17
s15461-15667	38	52	0	17
s15461-15667	39	53	2	19
s15461-15667	40	54	2	20
s15461-15667	41	55	2	20
s15461-15667	42	56	0	16
s15461-15667	43	57	4	18
s15461-15667	44	58	5	23
s15461-15667	45	59	5	27
s15461-15667	46	60	6	31
s15461-15667	47	61	6	34
s15461-15667	48	62	7	39
s15461-15667	49	63	5	44
s15461-15667	50	64	5	49
s15461-15667	51	65	5	54
s15461-15667	52	66	3	57
s15461-15667	53	67	2	59
s15461-15667	54	68	0	57
s29505-29410	1	15	0	0
s29505-29410	2	16	0	0
s29505-29410	3	17	0	0
s29505-29410	4	18	0	0
s29505-29410	5	19	0	0
s29505-29410	6	20	0	0
s29505-29410	7	21	0	0
s29505-29410	8	22	0	0
s29505-29410	9	23	0	0
s29505-29410	10	24	0	0
s29505-29410	11	25	0	0
s29505-29410	12	26	0	0
s29505-29410	13	27	0	0
s29505-29410	14	28	0	0
s29505-29410	15	29	0	0
s29505-29410	16	30	0	0
s29505-29410	17	31	0	0
s27771-27640	1	15	0	0
s27771-27640	2	16	0	0
s27771-27640	3	17	0	0
s27771-27640	4	18	0	0
s27771-27640	5	19	0	0
s27771-27640	6	20	0	0
s27771-27640	7	21	0	0
s27771-27640	8	22	0	0
s27771-27640	9	23	0	0
s27771-27640	10	24	0	0
s27771-27640	11	25	0	0
s27771-27640	12	26	0	0
s27771-27640	13	27	0	0
s27771-27640	14	28	0	0
s27771-27640	15	29	0	0
s27771-27640	16	30	0	0
s27771-27640	17	31	0	0
s27771-27640	18	32	0	0
s27771-27640	19	33	0	0
s27771-27640	20	34	0	0
s27771-27640	21	35	0	0
s27771-27640	22	36	1	1
s27771-27640	23	37	1	2
s27771-27640	24	38	2	4
s27771-27640	25	39	4	8
s27771-27640	26	40	4	12
s27771-27640	27	41	5	17
s27771-27640	28	42	4	21
s27771-27640	29	43	2	23
s27210-27034	1	15	1	1
s27210-27034	2	16	0	1
s27210-27034	3	17	0	1
s27210-27034	4	18	1	2
s27210-27034	5	19	1	3
s27210-27034	6	20	1	4
s27210-27034	7	21	0	4
s27210-27034	8	22	0	4
s27210-27034	9	23	0	4
s27210-27034	10	24	0	4
s27210-27034	11	25	0	4
s27210-27034	12	26	0	4
s27210-27034	13	27	0	4
s27210-27034	14	28	0	4
s27210-27034	15	29	0	4
s27210-27034	16	30	0	3
s27210-27034	17	31	0	3
s27210-27034	18	32	0	3
s27210-27034	19	33	0	2
s27210-27034	20	34	0	1
s27210-27034	21	35	0	0
s27210-27034	22	36	0	0
s27210-27034	23	37	0	0
s27210-27034	24	38	0	0
s27210-27034	25	39	0	0
s27210-27034	26	40	0	0
s27210-27034	27	41	0	0
s27210-27034	28	42	0	0
s27210-27034	29	43	0	0
s27210-27034	30	44	0	0
s27210-27034	31	45	2	2
s27210-27034	32	46	2	4
s27210-27034	33	47	2	6
s27210-27034	34	48	1	7
s27210-27034	35	49	1	8
s27210-27034	36	50	1	9
s27210-27034	37	51	0	9
s27210-27034	38	52	2	11
s27210-27034	39	53	3	14
s27210-27034	40	54	3	17
s27210-27034	41	55	2	19
s27210-27034	42	56	0	19
s27210-27034	43	57	0	19
s27210-27034	44	58	0	19
s25242-25099	1	15	4	4
s25242-25099	2	16	2	6
s25242-25099	3	17	2	8
s25242-25099	4	18	2	10
s25242-25099	5	19	3	13
s25242-25099	6	20	1	14
s25242-25099	7	21	3	17
s25242-25099	8	22	4	21
s25242-25099	9	23	4	25
s25242-25099	10	24	1	26
s25242-25099	11	25	1	27
s25242-25099	12	26	4	31
s25242-25099	13	27	4	35
s25242-25099	14	28	5	40
s25242-25099	15	29	4	44
s25242-25099	16	30	1	41
s25242-25099	17	31	1	40
s25242-25099	18	32	1	39
s25242-25099	19	33	1	38
s25242-25099	20	34	1	36
s25242-25099	21	35	1	36
s25242-25099	22	36	1	34
s25242-25099	23	37	1	31
s25242-25099	24	38	1	28
s25242-25099	25	39	1	28
s25242-25099	26	40	0	27
s25242-25099	27	41	0	23
s25242-25099	28	42	2	21
s25242-25099	29	43	10	26
s25242-25099	30	44	16	38
s25242-25099	31	45	17	54
s25242-25099	32	46	10	63
s25242-25099	33	47	7	69
s24111-23926	1	15	2	2
s24111-23926	2	16	1	3
s24111-23926	3	17	0	3
s24111-23926	4	18	0	3
s24111-23926	5	19	0	3
s24111-23926	6	20	0	3
s24111-23926	7	21	0	3
s24111-23926	8	22	0	3
s24111-23926	9	23	4	7
s24111-23926	10	24	5	12
s24111-23926	11	25	5	17
s24111-23926	12	26	1	18
s24111-23926	13	27	0	18
s24111-23926	14	28	1	19
s24111-23926	15	29	2	21
s24111-23926	16	30	3	22
s24111-23926	17	31	2	23
s24111-23926	18	32	1	24
s24111-23926	19	33	1	25
s24111-23926	20	34	3	28
s24111-23926	21	35	5	33
s24111-23926	22	36	0	33
s24111-23926	23	37	0	33
s24111-23926	24	38	0	29
s24111-23926	25	39	0	24
s24111-23926	26	40	0	19
s24111-23926	27	41	0	18
s24111-23926	28	42	0	18
s24111-23926	29	43	0	17
s24111-23926	30	44	0	15
s24111-23926	31	45	0	12
s24111-23926	32	46	0	10
s24111-23926	33	47	0	9
s24111-23926	34	48	1	9
s24111-23926	35	49	1	7
s24111-23926	36	50	0	2
s24111-23926	37	51	0	2
s24111-23926	38	52	0	2
s24111-23926	39	53	0	2
s24111-23926	40	54	0	2
s24111-23926	41	55	0	2
s24111-23926	42	56	0	2
s24111-23926	43	57	0	2
s24111-23926	44	58	0	2
s24111-23926	45	59	0	2
s24111-23926	46	60	0	2
s24111-23926	47	61	0	2
s16166-16279	1	15	1	1
s16166-16279	2	16	0	1
s16166-16279	3	17	0	1
s16166-16279	4	18	0	1
s16166-16279	5	19	0	1
s16166-16279	6	20	0	1
s16166-16279	7	21	1	2
s16166-16279	8	22	3	5
s16166-16279	9	23	3	8
s16166-16279	10	24	1	9
s16166-16279	11	25	0	9
s16166-16279	12	26	0	9
s16166-16279	13	27	0	9
s16166-16279	14	28	0	9
s16166-16279	15	29	3	12
s16166-16279	16	30	4	15
s16166-16279	17	31	3	18
s16166-16279	18	32	0	18
s16166-16279	19	33	0	18
s16166-16279	20	34	0	18
s16166-16279	21	35	2	20
s16166-16279	22	36	2	21
s16166-16279	23	37	1	19
s23787-23680	1	15	5	5
s23787-23680	2	16	2	7
s23787-23680	3	17	0	7
s23787-23680	4	18	6	13
s23787-23680	5	19	10	23
s23787-23680	6	20	11	34
s23787-23680	7	21	10	44
s23787-23680	8	22	5	49
s23787-23680	9	23	2	51
s23787-23680	10	24	0	51
s23787-23680	11	25	0	51
s23787-23680	12	26	0	51
s23787-23680	13	27	0	51
s23787-23680	14	28	0	51
s23787-23680	15	29	0	51
s23787-23680	16	30	0	46
s23787-23680	17	31	0	44
s23787-23680	18	32	1	45
s23787-23680	19	33	1	40
s23787-23680	20	34	1	31
s23787-23680	21	35	1	21
s23322-23074	1	15	0	0
s23322-23074	2	16	0	0
s23322-23074	3	17	0	0
s23322-23074	4	18	0	0
s23322-23074	5	19	0	0
s23322-23074	6	20	1	1
s23322-23074	7	21	1	2
s23322-23074	8	22	1	3
s23322-23074	9	23	2	5
s23322-23074	10	24	0	5
s23322-23074	11	25	0	5
s23322-23074	12	26	1	6
s23322-23074	13	27	0	6
s23322-23074	14	28	0	6
s23322-23074	15	29	0	6
s23322-23074	16	30	0	6
s23322-23074	17	31	0	6
s23322-23074	18	32	0	6
s23322-23074	19	33	1	7
s23322-23074	20	34	4	11
s23322-23074	21	35	4	14
s23322-23074	22	36	5	18
s23322-23074	23	37	1	18
s23322-23074	24	38	2	18
s23322-23074	25	39	2	20
s23322-23074	26	40	4	24
s23322-23074	27	41	4	27
s23322-23074	28	42	3	30
s23322-23074	29	43	0	30
s23322-23074	30	44	0	30
s23322-23074	31	45	0	30
s23322-23074	32	46	0	30
s23322-23074	33	47	1	31
s23322-23074	34	48	1	31
s23322-23074	35	49	1	28
s23322-23074	36	50	1	25
s23322-23074	37	51	0	20
s23322-23074	38	52	1	20
s23322-23074	39	53	1	19
s23322-23074	40	54	1	18
s23322-23074	41	55	4	18
s23322-23074	42	56	1	15
s23322-23074	43	57	1	13
s23322-23074	44	58	0	13
s23322-23074	45	59	0	13
s23322-23074	46	60	0	13
s23322-23074	47	61	0	13
s23322-23074	48	62	0	12
s23322-23074	49	63	2	13
s23322-23074	50	64	1	13
s23322-23074	51	65	1	13
s23322-23074	52	66	2	15
s23322-23074	53	67	3	17
s23322-23074	54	68	4	20
s23322-23074	55	69	1	20
s23322-23074	56	70	1	17
s23322-23074	57	71	1	17
s23322-23074	58	72	1	17
s23322-23074	59	73	1	18
s23322-23074	60	74	2	20
s23322-23074	61	75	2	22
s23322-23074	62	76	1	23
s23322-23074	63	77	0	23
s23322-23074	64	78	0	21
s23322-23074	65	79	0	20
s23322-23074	66	80	0	19
s23322-23074	67	81	0	17
s23322-23074	68	82	0	14
s19905-19765	1	15	2	2
s19905-19765	2	16	4	6
s19905-19765	3	17	7	13
s19905-19765	4	18	7	20
s19905-19765	5	19	8	28
s19905-19765	6	20	5	33
s19905-19765	7	21	2	35
s19905-19765	8	22	1	36
s19905-19765	9	23	2	38
s19905-19765	10	24	5	43
s19905-19765	11	25	5	48
s19905-19765	12	26	3	51
s19905-19765	13	27	5	56
s19905-19765	14	28	4	60
s19905-19765	15	29	3	63
s19905-19765	16	30	1	62
s19905-19765	17	31	0	58
s19905-19765	18	32	0	51
s19905-19765	19	33	1	45
s19905-19765	20	34	0	37
s19905-19765	21	35	0	32
s19905-19765	22	36	0	30
s19905-19765	23	37	1	30
s19905-19765	24	38	2	30
s19905-19765	25	39	3	28
s19905-19765	26	40	5	28
s19905-19765	27	41	7	32
s19905-19765	28	42	4	31
s19905-19765	29	43	4	31
s19905-19765	30	44	3	31
s19905-19765	31	45	1	31
s19905-19765	32	46	0	31
s18324-18151	1	15	1	1
s18324-18151	2	16	2	3
s18324-18151	3	17	3	6
s18324-18151	4	18	1	7
s18324-18151	5	19	0	7
s18324-18151	6	20	0	7
s18324-18151	7	21	0	7
s18324-18151	8	22	0	7
s18324-18151	9	23	3	10
s18324-18151	10	24	4	14
s18324-18151	11	25	3	17
s18324-18151	12	26	4	21
s18324-18151	13	27	7	28
s18324-18151	14	28	7	35
s18324-18151	15	29	7	42
s18324-18151	16	30	5	46
s18324-18151	17	31	3	47
s18324-18151	18	32	1	45
s18324-18151	19	33	1	45
s18324-18151	20	34	5	50
s18324-18151	21	35	5	55
s18324-18151	22	36	10	65
s18324-18151	23	37	7	72
s18324-18151	24	38	4	73
s18324-18151	25	39	3	72
s18324-18151	26	40	8	77
s18324-18151	27	41	13	86
s18324-18151	28	42	15	94
s18324-18151	29	43	16	103
s18324-18151	30	44	15	111
s18324-18151	31	45	10	116
s18324-18151	32	46	6	119
s18324-18151	33	47	1	119
s18324-18151	34	48	0	118
s18324-18151	35	49	0	113
s18324-18151	36	50	0	108
s18324-18151	37	51	0	98
s18324-18151	38	52	0	91
s18324-18151	39	53	1	88
s18324-18151	40	54	1	86
s18324-18151	41	55	1	79
s18324-18151	42	56	0	66
s18324-18151	43	57	4	55
s16493-16603	1	15	10	10
s16493-16603	2	16	9	19
s16493-16603	3	17	2	21
s16493-16603	4	18	0	21
s16493-16603	5	19	1	22
s16493-16603	6	20	1	23
s16493-16603	7	21	1	24
s16493-16603	8	22	0	24
s16493-16603	9	23	0	24
s16493-16603	10	24	0	24
s16493-16603	11	25	0	24
s16493-16603	12	26	0	24
s16493-16603	13	27	0	24
s16493-16603	14	28	0	24
s16493-16603	15	29	0	24
s16493-16603	16	30	0	14
s16493-16603	17	31	0	5
s16493-16603	18	32	1	4
s16493-16603	19	33	2	6
s16493-16603	20	34	2	7
s16493-16603	21	35	2	8
s16493-16603	22	36	2	9
s17628-17506	1	15	6	6
s17628-17506	2	16	13	19
s17628-17506	3	17	14	33
s17628-17506	4	18	13	46
s17628-17506	5	19	4	50
s17628-17506	6	20	1	51
s17628-17506	7	21	0	51
s17628-17506	8	22	0	51
s17628-17506	9	23	0	51
s17628-17506	10	24	0	51
s17628-17506	11	25	0	51
s17628-17506	12	26	2	53
s17628-17506	13	27	5	58
s17628-17506	14	28	8	66
s17628-17506	15	29	10	76
s17628-17506	16	30	4	74
s17628-17506	17	31	0	61
s17628-17506	18	32	1	48
s17628-17506	19	33	1	36
s17628-17506	20	34	2	34
s17628-17506	21	35	0	33
s17628-17506	22	36	0	33
s17628-17506	23	37	0	33
s17628-17506	24	38	2	35
s17628-17506	25	39	5	40
s17628-17506	26	40	6	46
s17106-17011	1	15	0	0
s17106-17011	2	16	0	0
s17106-17011	3	17	0	0
s17106-17011	4	18	0	0
s17106-17011	5	19	0	0
s17106-17011	6	20	0	0
s17106-17011	7	21	0	0
s17106-17011	8	22	0	0
s17106-17011	9	23	1	1
s17106-17011	10	24	1	2
s17106-17011	11	25	1	3
s17106-17011	12	26	1	4
s17106-17011	13	27	0	4
s17106-17011	14	28	0	4
s17106-17011	15	29	1	5
s17106-17011	16	30	3	8
s17106-17011	17	31	3	11
s15888-15790	1	15	2	2
s15888-15790	2	16	5	7
s15888-15790	3	17	10	17
s15888-15790	4	18	5	22
s15888-15790	5	19	0	22
s15888-15790	6	20	0	22
s15888-15790	7	21	0	22
s15888-15790	8	22	0	22
s15888-15790	9	23	0	22
s15888-15790	10	24	0	22
s15888-15790	11	25	0	22
s15888-15790	12	26	0	22
s15888-15790	13	27	0	22
s15888-15790	14	28	0	22
s15888-15790	15	29	1	23
s15888-15790	16	30	1	22
s15888-15790	17	31	3	20
s15888-15790	18	32	3	13
s15156-14992	1	15	3	3
s15156-14992	2	16	3	6
s15156-14992	3	17	0	6
s15156-14992	4	18	0	6
s15156-14992	5	19	0	6
s15156-14992	6	20	0	6
s15156-14992	7	21	0	6
s15156-14992	8	22	0	6
s15156-14992	9	23	0	6
s15156-14992	10	24	0	6
s15156-14992	11	25	1	7
s15156-14992	12	26	1	8
s15156-14992	13	27	0	8
s15156-14992	14	28	0	8
s15156-14992	15	29	0	8
s15156-14992	16	30	0	5
s15156-14992	17	31	1	3
s15156-14992	18	32	1	4
s15156-14992	19	33	0	4
s15156-14992	20	34	0	4
s15156-14992	21	35	0	4
s15156-14992	22	36	1	5
s15156-14992	23	37	6	11
s15156-14992	24	38	13	24
s15156-14992	25	39	9	33
s15156-14992	26	40	4	36
s15156-14992	27	41	0	35
s15156-14992	28	42	0	35
s15156-14992	29	43	0	35
s15156-14992	30	44	0	35
s15156-14992	31	45	0	35
s15156-14992	32	46	0	34
s15156-14992	33	47	0	33
s15156-14992	34	48	0	33
s15156-14992	35	49	0	33
s15156-14992	36	50	0	33
s15156-14992	37	51	0	32
s15156-14992	38	52	0	26
s15156-14992	39	53	0	13
s15156-14992	40	54	0	4
s12486-12283	1	15	2	2
s12486-12283	2	16	3	5
s12486-12283	3	17	3	8
s12486-12283	4	18	1	9
s12486-12283	5	19	2	11
s12486-12283	6	20	5	16
s12486-12283	7	21	5	21
s12486-12283	8	22	4	25
s12486-12283	9	23	5	30
s12486-12283	10	24	8	38
s12486-12283	11	25	6	44
s12486-12283	12	26	4	48
s12486-12283	13	27	2	50
s12486-12283	14	28	0	50
s12486-12283	15	29	0	50
s12486-12283	16	30	0	48
s12486-12283	17	31	0	45
s12486-12283	18	32	0	42
s12486-12283	19	33	0	41
s12486-12283	20	34	0	39
s12486-12283	21	35	0	34
s12486-12283	22	36	0	29
s12486-12283	23	37	0	25
s12486-12283	24	38	0	20
s12486-12283	25	39	0	12
s12486-12283	26	40	0	6
s12486-12283	27	41	0	2
s12486-12283	28	42	0	0
s12486-12283	29	43	0	0
s12486-12283	30	44	0	0
s12486-12283	31	45	0	0
s12486-12283	32	46	0	0
s12486-12283	33	47	2	2
s12486-12283	34	48	0	2
s12486-12283	35	49	0	2
s12486-12283	36	50	0	2
s12486-12283	37	51	0	2
s12486-12283	38	52	0	2
s12486-12283	39	53	0	2
s12486-12283	40	54	0	2
s12486-12283	41	55	0	2
s12486-12283	42	56	0	2
s12486-12283	43	57	1	3
s12486-12283	44	58	0	3
s12486-12283	45	59	0	3
s12486-12283	46	60	1	4
s12486-12283	47	61	1	5
s12486-12283	48	62	1	4
s12486-12283	49	63	2	6
s12486-12283	50	64	1	7
s12486-12283	51	65	1	8
s12486-12283	52	66	1	9
s12486-12283	53	67	0	9
s12255-12154	1	15	0	0
s12255-12154	2	16	0	0
s12255-12154	3	17	0	0
s12255-12154	4	18	1	1
s12255-12154	5	19	2	3
s12255-12154	6	20	2	5
s12255-12154	7	21	2	7
s12255-12154	8	22	2	9
s12255-12154	9	23	2	11
s12255-12154	10	24	2	13
s12255-12154	11	25	3	16
s12255-12154	12	26	4	20
s12255-12154	13	27	8	28
s12255-12154	14	28	8	36
s12255-12154	15	29	4	40
s12255-12154	16	30	3	43
s12255-12154	17	31	2	45
s12255-12154	18	32	0	45
s12255-12154	19	33	0	44
s12045-11932	1	15	0	0
s12045-11932	2	16	0	0
s12045-11932	3	17	0	0
s12045-11932	4	18	0	0
s12045-11932	5	19	0	0
s12045-11932	6	20	0	0
s12045-11932	7	21	2	2
s12045-11932	8	22	2	4
s12045-11932	9	23	0	4
s12045-11932	10	24	0	4
s12045-11932	11	25	2	6
s12045-11932	12	26	2	8
s12045-11932	13	27	5	13
s12045-11932	14	28	13	26
s12045-11932	15	29	11	37
s12045-11932	16	30	5	42
s12045-11932	17	31	4	46
s12045-11932	18	32	3	49
s12045-11932	19	33	2	51
s12045-11932	20	34	2	53
s12045-11932	21	35	1	54
s12045-11932	22	36	0	52
s12045-11932	23	37	0	50
s10951-11088	1	15	0	0
s10951-11088	2	16	0	0
s10951-11088	3	17	0	0
s10951-11088	4	18	0	0
s10951-11088	5	19	0	0
s10951-11088	6	20	0	0
s10951-11088	7	21	0	0
s10951-11088	8	22	0	0
s10951-11088	9	23	1	1
s10951-11088	10	24	2	3
s10951-11088	11	25	3	6
s10951-11088	12	26	7	13
s10951-11088	13	27	7	20
s10951-11088	14	28	7	27
s10951-11088	15	29	7	34
s10951-11088	16	30	6	40
s10951-11088	17	31	8	48
s10951-11088	18	32	7	55
s10951-11088	19	33	2	57
s10951-11088	20	34	1	58
s10951-11088	21	35	1	59
s10951-11088	22	36	2	61
s10951-11088	23	37	3	64
s10951-11088	24	38	4	67
s10951-11088	25	39	4	69
s10951-11088	26	40	3	69
s10951-11088	27	41	3	65
s10951-11088	28	42	0	58
s10951-11088	29	43	0	51
s10951-11088	30	44	0	44
s10951-11088	31	45	0	38
s16682-16798	1	15	0	0
s16682-16798	2	16	0	0
s16682-16798	3	17	0	0
s16682-16798	4	18	0	0
s16682-16798	5	19	0	0
s16682-16798	6	20	0	0
s16682-16798	7	21	0	0
s16682-16798	8	22	0	0
s16682-16798	9	23	0	0
s16682-16798	10	24	3	3
s16682-16798	11	25	10	13
s16682-16798	12	26	13	26
s16682-16798	13	27	14	40
s16682-16798	14	28	10	50
s16682-16798	15	29	5	55
s16682-16798	16	30	6	61
s16682-16798	17	31	6	67
s16682-16798	18	32	6	73
s16682-16798	19	33	3	76
s16682-16798	20	34	1	77
s16682-16798	21	35	1	78
s16682-16798	22	36	0	78
s16682-16798	23	37	0	78
s16682-16798	24	38	0	78
s10371-10273	1	15	1	1
s10371-10273	2	16	3	4
s10371-10273	3	17	1	5
s10371-10273	4	18	0	5
s10371-10273	5	19	0	5
s10371-10273	6	20	0	5
s10371-10273	7	21	0	5
s10371-10273	8	22	0	5
s10371-10273	9	23	0	5
s10371-10273	10	24	0	5
s10371-10273	11	25	0	5
s10371-10273	12	26	0	5
s10371-10273	13	27	0	5
s10371-10273	14	28	0	5
s10371-10273	15	29	0	5
s10371-10273	16	30	0	4
s10371-10273	17	31	0	1
s10371-10273	18	32	0	0
s8949-8797	1	15	0	0
s8949-8797	2	16	0	0
s8949-8797	3	17	0	0
s8949-8797	4	18	0	0
s8949-8797	5	19	0	0
s8949-8797	6	20	0	0
s8949-8797	7	21	0	0
s8949-8797	8	22	0	0
s8949-8797	9	23	0	0
s8949-8797	10	24	0	0
s8949-8797	11	25	0	0
s8949-8797	12	26	0	0
s8949-8797	13	27	3	3
s8949-8797	14	28	6	9
s8949-8797	15	29	9	18
s8949-8797	16	30	6	24
s8949-8797	17	31	2	26
s8949-8797	18	32	1	27
s8949-8797	19	33	2	29
s8949-8797	20	34	2	31
s8949-8797	21	35	1	32
s8949-8797	22	36	1	33
s8949-8797	23	37	0	33
s8949-8797	24	38	0	33
s8949-8797	25	39	0	33
s8949-8797	26	40	0	33
s8949-8797	27	41	0	33
s8949-8797	28	42	0	30
s8949-8797	29	43	0	24
s8949-8797	30	44	1	16
s8949-8797	31	45	7	17
s8949-8797	32	46	13	28
s8949-8797	33	47	12	39
s8949-8797	34	48	4	41
s8949-8797	35	49	0	39
s8949-8797	36	50	0	38
s7419-7321	1	15	0	0
s7419-7321	2	16	0	0
s7419-7321	3	17	0	0
s7419-7321	4	18	0	0
s7419-7321	5	19	0	0
s7419-7321	6	20	0	0
s7419-7321	7	21	0	0
s7419-7321	8	22	0	0
s7419-7321	9	23	0	0
s7419-7321	10	24	0	0
s7419-7321	11	25	1	1
s7419-7321	12	26	5	6
s7419-7321	13	27	5	11
s7419-7321	14	28	6	17
s7419-7321	15	29	2	19
s7419-7321	16	30	0	19
s7419-7321	17	31	0	19
s7419-7321	18	32	2	21
s16973-17122	1	15	1	1
s16973-17122	2	16	1	2
s16973-17122	3	17	0	2
s16973-17122	4	18	0	2
s16973-17122	5	19	0	2
s16973-17122	6	20	0	2
s16973-17122	7	21	0	2
s16973-17122	8	22	3	5
s16973-17122	9	23	2	7
s16973-17122	10	24	0	7
s16973-17122	11	25	0	7
s16973-17122	12	26	0	7
s16973-17122	13	27	0	7
s16973-17122	14	28	0	7
s16973-17122	15	29	0	7
s16973-17122	16	30	1	7
s16973-17122	17	31	2	8
s16973-17122	18	32	1	9
s16973-17122	19	33	1	10
s16973-17122	20	34	0	10
s16973-17122	21	35	0	10
s16973-17122	22	36	2	12
s16973-17122	23	37	4	13
s16973-17122	24	38	6	17
s16973-17122	25	39	2	19
s16973-17122	26	40	0	19
s16973-17122	27	41	1	20
s16973-17122	28	42	3	23
s16973-17122	29	43	5	28
s16973-17122	30	44	5	33
s16973-17122	31	45	0	32
s16973-17122	32	46	0	30
s16973-17122	33	47	0	29
s16973-17122	34	48	0	28
s16973-17122	35	49	0	28
s6489-6187	1	15	0	0
s6489-6187	2	16	0	0
s6489-6187	3	17	0	0
s6489-6187	4	18	0	0
s6489-6187	5	19	0	0
s6489-6187	6	20	0	0
s6489-6187	7	21	0	0
s6489-6187	8	22	0	0
s6489-6187	9	23	0	0
s6489-6187	10	24	0	0
s6489-6187	11	25	0	0
s6489-6187	12	26	0	0
s6489-6187	13	27	1	1
s6489-6187	14	28	1	2
s6489-6187	15	29	0	2
s6489-6187	16	30	0	2
s6489-6187	17	31	4	6
s6489-6187	18	32	5	11
s6489-6187	19	33	10	21
s6489-6187	20	34	4	25
s6489-6187	21	35	0	25
s6489-6187	22	36	0	25
s6489-6187	23	37	0	25
s6489-6187	24	38	0	25
s6489-6187	25	39	7	32
s6489-6187	26	40	13	45
s6489-6187	27	41	20	65
s6489-6187	28	42	14	78
s6489-6187	29	43	8	85
s6489-6187	30	44	0	85
s6489-6187	31	45	0	85
s6489-6187	32	46	0	81
s6489-6187	33	47	0	76
s6489-6187	34	48	0	66
s6489-6187	35	49	0	62
s6489-6187	36	50	0	62
s6489-6187	37	51	0	62
s6489-6187	38	52	0	62
s6489-6187	39	53	0	62
s6489-6187	40	54	0	55
s6489-6187	41	55	0	42
s6489-6187	42	56	3	25
s6489-6187	43	57	3	14
s6489-6187	44	58	3	9
s6489-6187	45	59	1	10
s6489-6187	46	60	0	10
s6489-6187	47	61	2	12
s6489-6187	48	62	4	16
s6489-6187	49	63	7	23
s6489-6187	50	64	9	32
s6489-6187	51	65	8	40
s6489-6187	52	66	5	45
s6489-6187	53	67	3	48
s6489-6187	54	68	4	52
s6489-6187	55	69	3	55
s6489-6187	56	70	5	60
s6489-6187	57	71	3	60
s6489-6187	58	72	1	58
s6489-6187	59	73	0	55
s6489-6187	60	74	1	55
s6489-6187	61	75	6	61
s6489-6187	62	76	6	65
s6489-6187	63	77	4	65
s6489-6187	64	78	1	59
s6489-6187	65	79	1	51
s6489-6187	66	80	0	43
s6489-6187	67	81	0	38
s6489-6187	68	82	0	35
s6489-6187	69	83	0	31
s6489-6187	70	84	0	28
s6489-6187	71	85	0	23
s6489-6187	72	86	0	20
s6489-6187	73	87	0	19
s6489-6187	74	88	0	19
s6489-6187	75	89	0	18
s6489-6187	76	90	0	12
s6489-6187	77	91	0	6
s6489-6187	78	92	0	2
s6489-6187	79	93	0	1
s6489-6187	80	94	0	0
s6489-6187	81	95	0	0
s6489-6187	82	96	0	0
s6489-6187	83	97	0	0
s6489-6187	84	98	1	1
s6489-6187	85	99	1	2
s6489-6187	86	100	0	2
s5577-5473	1	15	0	0
s5577-5473	2	16	0	0
s5577-5473	3	17	0	0
s5577-5473	4	18	0	0
s5577-5473	5	19	0	0
s5577-5473	6	20	0	0
s5577-5473	7	21	0	0
s5577-5473	8	22	0	0
s5577-5473	9	23	0	0
s5577-5473	10	24	0	0
s5577-5473	11	25	0	0
s5577-5473	12	26	1	1
s5577-5473	13	27	3	4
s5577-5473	14	28	5	9
s5577-5473	15	29	5	14
s5577-5473	16	30	5	19
s5577-5473	17	31	3	22
s5577-5473	18	32	0	22
s5577-5473	19	33	1	23
s5577-5473	20	34	0	23
s5022-4873	1	15	0	0
s5022-4873	2	16	1	1
s5022-4873	3	17	1	2
s5022-4873	4	18	1	3
s5022-4873	5	19	0	3
s5022-4873	6	20	0	3
s5022-4873	7	21	0	3
s5022-4873	8	22	0	3
s5022-4873	9	23	0	3
s5022-4873	10	24	0	3
s5022-4873	11	25	0	3
s5022-4873	12	26	1	4
s5022-4873	13	27	5	9
s5022-4873	14	28	11	20
s5022-4873	15	29	14	34
s5022-4873	16	30	6	40
s5022-4873	17	31	1	40
s5022-4873	18	32	1	40
s5022-4873	19	33	1	40
s5022-4873	20	34	0	40
s5022-4873	21	35	0	40
s5022-4873	22	36	0	40
s5022-4873	23	37	0	40
s5022-4873	24	38	1	41
s5022-4873	25	39	8	49
s5022-4873	26	40	12	61
s5022-4873	27	41	14	74
s5022-4873	28	42	5	74
s5022-4873	29	43	2	65
s5022-4873	30	44	0	51
s5022-4873	31	45	0	45
s5022-4873	32	46	0	44
s5022-4873	33	47	0	43
s5022-4873	34	48	0	42
s5022-4873	35	49	0	42
s4458-4324	1	15	2	2
s4458-4324	2	16	1	3
s4458-4324	3	17	1	4
s4458-4324	4	18	1	5
s4458-4324	5	19	1	6
s4458-4324	6	20	1	7
s4458-4324	7	21	0	7
s4458-4324	8	22	1	8
s4458-4324	9	23	2	10
s4458-4324	10	24	1	11
s4458-4324	11	25	1	12
s4458-4324	12	26	0	12
s4458-4324	13	27	0	12
s4458-4324	14	28	0	12
s4458-4324	15	29	0	12
s4458-4324	16	30	0	10
s4458-4324	17	31	1	10
s4458-4324	18	32	0	9
s4458-4324	19	33	1	9
s4458-4324	20	34	2	10
s4458-4324	21	35	2	11
s4458-4324	22	36	6	17
s4458-4324	23	37	0	16
s4458-4324	24	38	0	14
s4458-4324	25	39	0	13
s4458-4324	26	40	0	12
s4458-4324	27	41	0	12
s4458-4324	28	42	0	12
s4458-4324	29	43	1	13
s4458-4324	30	44	0	13
s2949-2842	1	15	0	0
s2949-2842	2	16	0	0
s2949-2842	3	17	0	0
s2949-2842	4	18	0	0
s2949-2842	5	19	1	1
s2949-2842	6	20	1	2
s2949-2842	7	21	0	2
s2949-2842	8	22	0	2
s2949-2842	9	23	0	2
s2949-2842	10	24	2	4
s2949-2842	11	25	5	9
s2949-2842	12	26	9	18
s2949-2842	13	27	9	27
s2949-2842	14	28	3	30
s2949-2842	15	29	1	31
s2949-2842	16	30	0	31
s2949-2842	17	31	0	31
s2949-2842	18	32	0	31
s2949-2842	19	33	0	31
s2949-2842	20	34	1	31
s2949-2842	21	35	3	33
s2457-2290	1	15	1	1
s2457-2290	2	16	2	3
s2457-2290	3	17	5	8
s2457-2290	4	18	5	13
s2457-2290	5	19	5	18
s2457-2290	6	20	4	22
s2457-2290	7	21	5	27
s2457-2290	8	22	5	32
s2457-2290	9	23	6	38
s2457-2290	10	24	6	44
s2457-2290	11	25	5	49
s2457-2290	12	26	4	53
s2457-2290	13	27	2	55
s2457-2290	14	28	2	57
s2457-2290	15	29	3	60
s2457-2290	16	30	2	61
s2457-2290	17	31	0	59
s2457-2290	18	32	0	54
s2457-2290	19	33	0	49
s2457-2290	20	34	1	45
s2457-2290	21	35	2	43
s2457-2290	22	36	0	38
s2457-2290	23	37	0	33
s2457-2290	24	38	1	28
s2457-2290	25	39	0	22
s2457-2290	26	40	2	19
s2457-2290	27	41	3	18
s2457-2290	28	42	3	19
s2457-2290	29	43	3	20
s2457-2290	30	44	0	17
s2457-2290	31	45	5	20
s2457-2290	32	46	21	41
s2457-2290	33	47	23	64
s2457-2290	34	48	22	86
s2457-2290	35	49	16	101
s2457-2290	36	50	6	105
s2457-2290	37	51	1	106
s2457-2290	38	52	0	106
s2457-2290	39	53	0	105
s2457-2290	40	54	1	106
s2457-2290	41	55	0	104
s17606-17716	1	15	13	13
s17606-17716	2	16	15	28
s17606-17716	3	17	14	42
s17606-17716	4	18	5	47
s17606-17716	5	19	5	52
s17606-17716	6	20	4	56
s17606-17716	7	21	0	56
s17606-17716	8	22	0	56
s17606-17716	9	23	0	56
s17606-17716	10	24	1	57
s17606-17716	11	25	0	57
s17606-17716	12	26	0	57
s17606-17716	13	27	0	57
s17606-17716	14	28	0	57
s17606-17716	15	29	2	59
s17606-17716	16	30	0	46
s17606-17716	17	31	1	32
s17606-17716	18	32	0	18
s17606-17716	19	33	0	13
s17606-17716	20	34	0	8
s17606-17716	21	35	0	4
s17606-17716	22	36	1	5
s1689-1528	1	15	0	0
s1689-1528	2	16	0	0
s1689-1528	3	17	0	0
s1689-1528	4	18	0	0
s1689-1528	5	19	0	0
s1689-1528	6	20	0	0
s1689-1528	7	21	0	0
s1689-1528	8	22	0	0
s1689-1528	9	23	0	0
s1689-1528	10	24	0	0
s1689-1528	11	25	0	0
s1689-1528	12	26	1	1
s1689-1528	13	27	0	1
s1689-1528	14	28	1	2
s1689-1528	15	29	2	4
s1689-1528	16	30	4	8
s1689-1528	17	31	5	13
s1689-1528	18	32	3	16
s1689-1528	19	33	1	17
s1689-1528	20	34	1	18
s1689-1528	21	35	1	19
s1689-1528	22	36	0	19
s1689-1528	23	37	1	20
s1689-1528	24	38	1	21
s1689-1528	25	39	2	23
s1689-1528	26	40	3	26
s1689-1528	27	41	0	25
s1689-1528	28	42	0	25
s1689-1528	29	43	0	24
s1689-1528	30	44	0	22
s1689-1528	31	45	0	18
s1689-1528	32	46	0	13
s1689-1528	33	47	0	10
s1689-1528	34	48	0	9
s1689-1528	35	49	0	8
s1689-1528	36	50	3	10
s1689-1528	37	51	7	17
s1689-1528	38	52	5	21
s1689-1528	39	53	4	24
s1104-1009	1	15	1	1
s1104-1009	2	16	0	1
s1104-1009	3	17	0	1
s1104-1009	4	18	4	5
s1104-1009	5	19	5	10
s1104-1009	6	20	4	14
s1104-1009	7	21	1	15
s1104-1009	8	22	2	17
s1104-1009	9	23	4	21
s1104-1009	10	24	5	26
s1104-1009	11	25	7	33
s1104-1009	12	26	9	42
s1104-1009	13	27	8	50
s1104-1009	14	28	5	55
s1104-1009	15	29	4	59
s1104-1009	16	30	6	64
s1104-1009	17	31	5	69
s108-10	1	15	0	0
s108-10	2	16	1	1
s108-10	3	17	2	3
s108-10	4	18	1	4
s108-10	5	19	3	7
s108-10	6	20	5	12
s108-10	7	21	9	21
s108-10	8	22	6	27
s108-10	9	23	9	36
s108-10	10	24	4	40
s108-10	11	25	1	41
s108-10	12	26	1	42
s108-10	13	27	1	43
s108-10	14	28	0	43
s108-10	15	29	0	43
s108-10	16	30	0	43
s108-10	17	31	0	42
s108-10	18	32	0	40
s18410-18523	1	15	0	0
s18410-18523	2	16	6	6
s18410-18523	3	17	7	13
s18410-18523	4	18	10	23
s18410-18523	5	19	6	29
s18410-18523	6	20	5	34
s18410-18523	7	21	1	35
s18410-18523	8	22	4	39
s18410-18523	9	23	4	43
s18410-18523	10	24	5	48
s18410-18523	11	25	5	53
s18410-18523	12	26	0	53
s18410-18523	13	27	0	53
s18410-18523	14	28	5	58
s18410-18523	15	29	5	63
s18410-18523	16	30	6	69
s18410-18523	17	31	5	68
s18410-18523	18	32	7	68
s18410-18523	19	33	3	61
s18410-18523	20	34	0	55
s18410-18523	21	35	0	50
s18410-18523	22	36	0	49
s18410-18523	23	37	0	45
s19148-19303	1	15	6	6
s19148-19303	2	16	3	9
s19148-19303	3	17	0	9
s19148-19303	4	18	1	10
s19148-19303	5	19	5	15
s19148-19303	6	20	5	20
s19148-19303	7	21	5	25
s19148-19303	8	22	4	29
s19148-19303	9	23	1	30
s19148-19303	10	24	0	30
s19148-19303	11	25	0	30
s19148-19303	12	26	0	30
s19148-19303	13	27	0	30
s19148-19303	14	28	0	30
s19148-19303	15	29	0	30
s19148-19303	16	30	0	24
s19148-19303	17	31	1	22
s19148-19303	18	32	0	22
s19148-19303	19	33	0	21
s19148-19303	20	34	0	16
s19148-19303	21	35	1	12
s19148-19303	22	36	0	7
s19148-19303	23	37	0	3
s19148-19303	24	38	0	2
s19148-19303	25	39	0	2
s19148-19303	26	40	0	2
s19148-19303	27	41	0	2
s19148-19303	28	42	0	2
s19148-19303	29	43	0	2
s19148-19303	30	44	0	2
s19148-19303	31	45	0	2
s19148-19303	32	46	0	1
s19148-19303	33	47	0	1
s19148-19303	34	48	0	1
s19148-19303	35	49	0	1
s19148-19303	36	50	0	0
s19148-19303	37	51	0	0
s20168-20263	1	15	0	0
s20168-20263	2	16	3	3
s20168-20263	3	17	4	7
s20168-20263	4	18	5	12
s20168-20263	5	19	5	17
s20168-20263	6	20	1	18
s20168-20263	7	21	2	20
s20168-20263	8	22	5	25
s20168-20263	9	23	7	32
s20168-20263	10	24	6	38
s20168-20263	11	25	8	46
s20168-20263	12	26	8	54
s20168-20263	13	27	7	61
s20168-20263	14	28	10	71
s20168-20263	15	29	5	76
s20168-20263	16	30	3	79
s20168-20263	17	31	1	77
s25457-25582	1	15	0	0
s25457-25582	2	16	1	1
s25457-25582	3	17	5	6
s25457-25582	4	18	9	15
s25457-25582	5	19	8	23
s25457-25582	6	20	3	26
s25457-25582	7	21	1	27
s25457-25582	8	22	2	29
s25457-25582	9	23	3	32
s25457-25582	10	24	7	39
s25457-25582	11	25	7	46
s25457-25582	12	26	4	50
s25457-25582	13	27	1	51
s25457-25582	14	28	1	52
s25457-25582	15	29	1	53
s25457-25582	16	30	0	53
s25457-25582	17	31	0	52
s25457-25582	18	32	0	47
s25457-25582	19	33	0	38
s25457-25582	20	34	0	30
s25457-25582	21	35	0	27
s25457-25582	22	36	1	27
s25457-25582	23	37	1	26
s25457-25582	24	38	0	23
s25457-25582	25	39	0	16
s25457-25582	26	40	2	11
s25457-25582	27	41	3	10
s26072-26170	1	15	1	1
s26072-26170	2	16	1	2
s26072-26170	3	17	2	4
s26072-26170	4	18	2	6
s26072-26170	5	19	9	15
s26072-26170	6	20	5	20
s26072-26170	7	21	5	25
s26072-26170	8	22	2	27
s26072-26170	9	23	3	30
s26072-26170	10	24	2	32
s26072-26170	11	25	2	34
s26072-26170	12	26	1	35
s26072-26170	13	27	0	35
s26072-26170	14	28	2	37
s26072-26170	15	29	6	43
s26072-26170	16	30	8	50
s26072-26170	17	31	8	57
s26072-26170	18	32	6	61
s26183-26281	1	15	0	0
s26183-26281	2	16	0	0
s26183-26281	3	17	0	0
s26183-26281	4	18	0	0
s26183-26281	5	19	0	0
s26183-26281	6	20	0	0
s26183-26281	7	21	0	0
s26183-26281	8	22	0	0
s26183-26281	9	23	0	0
s26183-26281	10	24	0	0
s26183-26281	11	25	0	0
s26183-26281	12	26	0	0
s26183-26281	13	27	0	0
s26183-26281	14	28	0	0
s26183-26281	15	29	0	0
s26183-26281	16	30	0	0
s26183-26281	17	31	0	0
s26183-26281	18	32	1	1
s26693-26872	1	15	0	0
s26693-26872	2	16	0	0
s26693-26872	3	17	0	0
s26693-26872	4	18	0	0
s26693-26872	5	19	0	0
s26693-26872	6	20	0	0
s26693-26872	7	21	0	0
s26693-26872	8	22	0	0
s26693-26872	9	23	0	0
s26693-26872	10	24	0	0
s26693-26872	11	25	0	0
s26693-26872	12	26	0	0
s26693-26872	13	27	0	0
s26693-26872	14	28	0	0
s26693-26872	15	29	0	0
s26693-26872	16	30	0	0
s26693-26872	17	31	0	0
s26693-26872	18	32	1	1
s26693-26872	19	33	1	2
s26693-26872	20	34	0	2
s26693-26872	21	35	0	2
s26693-26872	22	36	0	2
s26693-26872	23	37	0	2
s26693-26872	24	38	0	2
s26693-26872	25	39	0	2
s26693-26872	26	40	1	3
s26693-26872	27	41	1	4
s26693-26872	28	42	1	5
s26693-26872	29	43	0	5
s26693-26872	30	44	0	5
s26693-26872	31	45	0	5
s26693-26872	32	46	0	5
s26693-26872	33	47	0	4
s26693-26872	34	48	1	4
s26693-26872	35	49	1	5
s26693-26872	36	50	0	5
s26693-26872	37	51	0	5
s26693-26872	38	52	0	5
s26693-26872	39	53	0	5
s26693-26872	40	54	0	5
s26693-26872	41	55	0	4
s26693-26872	42	56	0	3
s26693-26872	43	57	0	2
s26693-26872	44	58	1	3
s26693-26872	45	59	2	5
s594-686	1	15	5	5
s594-686	2	16	9	14
s594-686	3	17	7	21
s594-686	4	18	4	25
s594-686	5	19	2	27
s594-686	6	20	1	28
s594-686	7	21	3	31
s594-686	8	22	5	36
s594-686	9	23	10	46
s594-686	10	24	9	55
s594-686	11	25	7	62
s594-686	12	26	0	62
s594-686	13	27	0	62
s594-686	14	28	2	64
s594-686	15	29	3	67
s594-686	16	30	6	68
s726-881	1	15	10	10
s726-881	2	16	3	13
s726-881	3	17	1	14
s726-881	4	18	0	14
s726-881	5	19	4	18
s726-881	6	20	9	27
s726-881	7	21	2	29
s726-881	8	22	0	29
s726-881	9	23	0	29
s726-881	10	24	0	29
s726-881	11	25	0	29
s726-881	12	26	0	29
s726-881	13	27	0	29
s726-881	14	28	0	29
s726-881	15	29	0	29
s726-881	16	30	1	20
s726-881	17	31	2	19
s726-881	18	32	2	20
s726-881	19	33	2	22
s726-881	20	34	1	19
s726-881	21	35	0	10
s726-881	22	36	0	8
s726-881	23	37	0	8
s726-881	24	38	0	8
s726-881	25	39	2	10
s726-881	26	40	2	12
s726-881	27	41	2	14
s726-881	28	42	2	16
s726-881	29	43	2	18
s726-881	30	44	1	19
s726-881	31	45	1	19
s726-881	32	46	0	17
s726-881	33	47	0	15
s726-881	34	48	0	13
s726-881	35	49	2	14
s726-881	36	50	0	14
s726-881	37	51	0	14
s966-1097	1	15	3	3
s966-1097	2	16	2	5
s966-1097	3	17	1	6
s966-1097	4	18	0	6
s966-1097	5	19	0	6
s966-1097	6	20	0	6
s966-1097	7	21	0	6
s966-1097	8	22	0	6
s966-1097	9	23	0	6
s966-1097	10	24	0	6
s966-1097	11	25	0	6
s966-1097	12	26	1	7
s966-1097	13	27	1	8
s966-1097	14	28	0	8
s966-1097	15	29	0	8
s966-1097	16	30	0	5
s966-1097	17	31	1	4
s966-1097	18	32	1	4
s966-1097	19	33	1	5
s966-1097	20	34	2	7
s966-1097	21	35	3	10
s966-1097	22	36	3	13
s966-1097	23	37	3	16
s966-1097	24	38	1	17
s966-1097	25	39	1	18
s966-1097	26	40	0	18
s966-1097	27	41	0	17
s966-1097	28	42	1	17
s966-1097	29	43	1	18
s1605-1739	1	15	6	6
s1605-1739	2	16	4	10
s1605-1739	3	17	2	12
s1605-1739	4	18	1	13
s1605-1739	5	19	0	13
s1605-1739	6	20	4	17
s1605-1739	7	21	3	20
s1605-1739	8	22	5	25
s1605-1739	9	23	2	27
s1605-1739	10	24	0	27
s1605-1739	11	25	0	27
s1605-1739	12	26	0	27
s1605-1739	13	27	3	30
s1605-1739	14	28	4	34
s1605-1739	15	29	0	34
s1605-1739	16	30	1	29
s1605-1739	17	31	2	27
s1605-1739	18	32	2	27
s1605-1739	19	33	0	26
s1605-1739	20	34	0	26
s1605-1739	21	35	0	22
s1605-1739	22	36	0	19
s1605-1739	23	37	1	15
s1605-1739	24	38	3	16
s1605-1739	25	39	4	20
s1605-1739	26	40	2	22
s1605-1739	27	41	1	23
s1605-1739	28	42	0	20
s1605-1739	29	43	0	16
s1605-1739	30	44	0	16
s1866-1967	1	15	0	0
s1866-1967	2	16	2	2
s1866-1967	3	17	6	8
s1866-1967	4	18	9	17
s1866-1967	5	19	4	21
s1866-1967	6	20	7	28
s1866-1967	7	21	4	32
s1866-1967	8	22	1	33
s1866-1967	9	23	3	36
s1866-1967	10	24	4	40
s1866-1967	11	25	2	42
s1866-1967	12	26	0	42
s1866-1967	13	27	0	42
s1866-1967	14	28	0	42
s1866-1967	15	29	0	42
s1866-1967	16	30	0	42
s1866-1967	17	31	0	40
s1866-1967	18	32	0	34
s1866-1967	19	33	0	25
s2958-3206	1	15	4	4
s2958-3206	2	16	4	8
s2958-3206	3	17	3	11
s2958-3206	4	18	0	11
s2958-3206	5	19	0	11
s2958-3206	6	20	0	11
s2958-3206	7	21	0	11
s2958-3206	8	22	0	11
s2958-3206	9	23	0	11
s2958-3206	10	24	0	11
s2958-3206	11	25	0	11
s2958-3206	12	26	0	11
s2958-3206	13	27	0	11
s2958-3206	14	28	0	11
s2958-3206	15	29	0	11
s2958-3206	16	30	0	7
s2958-3206	17	31	0	3
s2958-3206	18	32	0	0
s2958-3206	19	33	0	0
s2958-3206	20	34	0	0
s2958-3206	21	35	1	1
s2958-3206	22	36	0	1
s2958-3206	23	37	0	1
s2958-3206	24	38	0	1
s2958-3206	25	39	0	1
s2958-3206	26	40	2	3
s2958-3206	27	41	3	6
s2958-3206	28	42	4	10
s2958-3206	29	43	2	12
s2958-3206	30	44	0	12
s2958-3206	31	45	1	13
s2958-3206	32	46	4	17
s2958-3206	33	47	10	27
s2958-3206	34	48	10	37
s2958-3206	35	49	8	45
s2958-3206	36	50	1	45
s2958-3206	37	51	0	45
s2958-3206	38	52	0	45
s2958-3206	39	53	0	45
s2958-3206	40	54	0	45
s2958-3206	41	55	0	43
s2958-3206	42	56	0	40
s2958-3206	43	57	0	36
s2958-3206	44	58	0	34
s2958-3206	45	59	2	36
s2958-3206	46	60	0	35
s2958-3206	47	61	0	31
s2958-3206	48	62	0	21
s2958-3206	49	63	1	12
s2958-3206	50	64	3	7
s2958-3206	51	65	2	8
s2958-3206	52	66	0	8
s2958-3206	53	67	0	8
s2958-3206	54	68	0	8
s2958-3206	55	69	1	9
s2958-3206	56	70	1	10
s2958-3206	57	71	1	11
s2958-3206	58	72	0	11
s2958-3206	59	73	0	11
s2958-3206	60	74	0	9
s2958-3206	61	75	0	9
s2958-3206	62	76	0	9
s2958-3206	63	77	0	9
s2958-3206	64	78	1	9
s2958-3206	65	79	1	7
s2958-3206	66	80	3	8
s2958-3206	67	81	1	9
s2958-3206	68	82	1	10
s3207-3302	1	15	3	3
s3207-3302	2	16	5	8
s3207-3302	3	17	8	16
s3207-3302	4	18	12	28
s3207-3302	5	19	9	37
s3207-3302	6	20	5	42
s3207-3302	7	21	0	42
s3207-3302	8	22	1	43
s3207-3302	9	23	5	48
s3207-3302	10	24	10	58
s3207-3302	11	25	8	66
s3207-3302	12	26	6	72
s3207-3302	13	27	6	78
s3207-3302	14	28	6	84
s3207-3302	15	29	5	89
s3207-3302	16	30	1	87
s3207-3302	17	31	2	84
s25195-25287	1	15	0	0
s25195-25287	2	16	0	0
s25195-25287	3	17	0	0
s25195-25287	4	18	1	1
s25195-25287	5	19	1	2
s25195-25287	6	20	2	4
s25195-25287	7	21	3	7
s25195-25287	8	22	1	8
s25195-25287	9	23	1	9
s25195-25287	10	24	1	10
s25195-25287	11	25	0	10
s25195-25287	12	26	0	10
s25195-25287	13	27	0	10
s25195-25287	14	28	0	10
s25195-25287	15	29	0	10
s25195-25287	16	30	2	12
s3612-3752	1	15	0	0
s3612-3752	2	16	1	1
s3612-3752	3	17	4	5
s3612-3752	4	18	7	12
s3612-3752	5	19	6	18
s3612-3752	6	20	5	23
s3612-3752	7	21	5	28
s3612-3752	8	22	6	34
s3612-3752	9	23	5	39
s3612-3752	10	24	1	40
s3612-3752	11	25	0	40
s3612-3752	12	26	0	40
s3612-3752	13	27	0	40
s3612-3752	14	28	1	41
s3612-3752	15	29	1	42
s3612-3752	16	30	1	43
s3612-3752	17	31	4	46
s3612-3752	18	32	7	49
s3612-3752	19	33	7	49
s3612-3752	20	34	6	49
s3612-3752	21	35	5	49
s3612-3752	22	36	5	49
s3612-3752	23	37	5	48
s3612-3752	24	38	5	48
s3612-3752	25	39	5	52
s3612-3752	26	40	5	57
s3612-3752	27	41	4	61
s3612-3752	28	42	2	63
s3612-3752	29	43	1	63
s3612-3752	30	44	1	63
s3612-3752	31	45	0	62
s3612-3752	32	46	0	58
s3948-4103	1	15	3	3
s3948-4103	2	16	4	7
s3948-4103	3	17	5	12
s3948-4103	4	18	7	19
s3948-4103	5	19	4	23
s3948-4103	6	20	1	24
s3948-4103	7	21	1	25
s3948-4103	8	22	2	27
s3948-4103	9	23	2	29
s3948-4103	10	24	2	31
s3948-4103	11	25	1	32
s3948-4103	12	26	1	33
s3948-4103	13	27	1	34
s3948-4103	14	28	1	35
s3948-4103	15	29	0	35
s3948-4103	16	30	0	32
s3948-4103	17	31	0	28
s3948-4103	18	32	0	23
s3948-4103	19	33	0	16
s3948-4103	20	34	0	12
s3948-4103	21	35	0	11
s3948-4103	22	36	0	10
s3948-4103	23	37	0	8
s3948-4103	24	38	0	6
s3948-4103	25	39	0	4
s3948-4103	26	40	0	3
s3948-4103	27	41	0	2
s3948-4103	28	42	0	1
s3948-4103	29	43	0	0
s3948-4103	30	44	0	0
s3948-4103	31	45	0	0
s3948-4103	32	46	0	0
s3948-4103	33	47	0	0
s3948-4103	34	48	0	0
s3948-4103	35	49	0	0
s3948-4103	36	50	0	0
s3948-4103	37	51	0	0
s4707-4835	1	15	0	0
s4707-4835	2	16	0	0
s4707-4835	3	17	0	0
s4707-4835	4	18	0	0
s4707-4835	5	19	0	0
s4707-4835	6	20	0	0
s4707-4835	7	21	0	0
s4707-4835	8	22	1	1
s4707-4835	9	23	4	5
s4707-4835	10	24	4	9
s4707-4835	11	25	5	14
s4707-4835	12	26	3	17
s4707-4835	13	27	2	19
s4707-4835	14	28	1	20
s4707-4835	15	29	4	24
s4707-4835	16	30	9	33
s4707-4835	17	31	9	42
s4707-4835	18	32	4	46
s4707-4835	19	33	0	46
s4707-4835	20	34	0	46
s4707-4835	21	35	0	46
s4707-4835	22	36	1	47
s4707-4835	23	37	1	47
s4707-4835	24	38	2	45
s4707-4835	25	39	6	47
s4707-4835	26	40	1	43
s4707-4835	27	41	1	41
s4707-4835	28	42	2	41
s5103-5216	1	15	0	0
s5103-5216	2	16	0	0
s5103-5216	3	17	0	0
s5103-5216	4	18	0	0
s5103-5216	5	19	0	0
s5103-5216	6	20	0	0
s5103-5216	7	21	0	0
s5103-5216	8	22	0	0
s5103-5216	9	23	0	0
s5103-5216	10	24	0	0
s5103-5216	11	25	0	0
s5103-5216	12	26	0	0
s5103-5216	13	27	1	1
s5103-5216	14	28	1	2
s5103-5216	15	29	1	3
s5103-5216	16	30	1	4
s5103-5216	17	31	1	5
s5103-5216	18	32	0	5
s5103-5216	19	33	0	5
s5103-5216	20	34	0	5
s5103-5216	21	35	0	5
s5103-5216	22	36	0	5
s5103-5216	23	37	0	5
s5919-6089	1	15	0	0
s5919-6089	2	16	0	0
s5919-6089	3	17	1	1
s5919-6089	4	18	2	3
s5919-6089	5	19	2	5
s5919-6089	6	20	1	6
s5919-6089	7	21	1	7
s5919-6089	8	22	1	8
s5919-6089	9	23	3	11
s5919-6089	10	24	3	14
s5919-6089	11	25	5	19
s5919-6089	12	26	3	22
s5919-6089	13	27	2	24
s5919-6089	14	28	4	28
s5919-6089	15	29	10	38
s5919-6089	16	30	14	52
s5919-6089	17	31	17	69
s5919-6089	18	32	12	80
s5919-6089	19	33	3	81
s5919-6089	20	34	0	79
s5919-6089	21	35	0	78
s5919-6089	22	36	1	78
s5919-6089	23	37	7	84
s5919-6089	24	38	12	93
s5919-6089	25	39	17	107
s5919-6089	26	40	16	118
s5919-6089	27	41	9	124
s5919-6089	28	42	2	124
s5919-6089	29	43	3	123
s5919-6089	30	44	2	115
s5919-6089	31	45	7	108
s5919-6089	32	46	7	98
s5919-6089	33	47	6	92
s5919-6089	34	48	1	90
s5919-6089	35	49	1	91
s5919-6089	36	50	0	91
s5919-6089	37	51	0	90
s5919-6089	38	52	0	83
s5919-6089	39	53	0	71
s5919-6089	40	54	0	54
s5919-6089	41	55	0	38
s5919-6089	42	56	0	29
s6156-6350	1	15	2	2
s6156-6350	2	16	2	4
s6156-6350	3	17	4	8
s6156-6350	4	18	10	18
s6156-6350	5	19	11	29
s6156-6350	6	20	7	36
s6156-6350	7	21	2	38
s6156-6350	8	22	0	38
s6156-6350	9	23	0	38
s6156-6350	10	24	0	38
s6156-6350	11	25	0	38
s6156-6350	12	26	0	38
s6156-6350	13	27	0	38
s6156-6350	14	28	0	38
s6156-6350	15	29	1	39
s6156-6350	16	30	1	38
s6156-6350	17	31	1	37
s6156-6350	18	32	0	33
s6156-6350	19	33	0	23
s6156-6350	20	34	0	12
s6156-6350	21	35	0	5
s6156-6350	22	36	0	3
s6156-6350	23	37	0	3
s6156-6350	24	38	0	3
s6156-6350	25	39	1	4
s6156-6350	26	40	0	4
s6156-6350	27	41	0	4
s6156-6350	28	42	0	4
s6156-6350	29	43	0	4
s6156-6350	30	44	0	3
s6156-6350	31	45	0	2
s6156-6350	32	46	0	1
s6156-6350	33	47	0	1
s6156-6350	34	48	7	8
s6156-6350	35	49	9	17
s6156-6350	36	50	12	29
s6156-6350	37	51	13	42
s6156-6350	38	52	7	49
s6156-6350	39	53	2	51
s6156-6350	40	54	0	50
s6156-6350	41	55	4	54
s6156-6350	42	56	9	63
s6156-6350	43	57	14	77
s6156-6350	44	58	18	95
s6156-6350	45	59	11	106
s6156-6350	46	60	1	107
s6156-6350	47	61	1	108
s6156-6350	48	62	0	108
s6156-6350	49	63	0	101
s6156-6350	50	64	0	92
s7548-7709	1	15	0	0
s7548-7709	2	16	0	0
s7548-7709	3	17	0	0
s7548-7709	4	18	0	0
s7548-7709	5	19	0	0
s7548-7709	6	20	0	0
s7548-7709	7	21	1	1
s7548-7709	8	22	3	4
s7548-7709	9	23	4	8
s7548-7709	10	24	3	11
s7548-7709	11	25	2	13
s7548-7709	12	26	2	15
s7548-7709	13	27	2	17
s7548-7709	14	28	0	17
s7548-7709	15	29	0	17
s7548-7709	16	30	0	17
s7548-7709	17	31	0	17
s7548-7709	18	32	0	17
s7548-7709	19	33	0	17
s7548-7709	20	34	0	17
s7548-7709	21	35	2	19
s7548-7709	22	36	3	21
s7548-7709	23	37	3	21
s7548-7709	24	38	0	17
s7548-7709	25	39	0	14
s7548-7709	26	40	0	12
s7548-7709	27	41	0	10
s7548-7709	28	42	0	8
s7548-7709	29	43	0	8
s7548-7709	30	44	1	9
s7548-7709	31	45	1	10
s7548-7709	32	46	0	10
s7548-7709	33	47	0	10
s7548-7709	34	48	0	10
s7548-7709	35	49	0	10
s7548-7709	36	50	0	8
s7548-7709	37	51	0	5
s7548-7709	38	52	0	2
s7548-7709	39	53	0	2
s8001-8102	1	15	0	0
s8001-8102	2	16	0	0
s8001-8102	3	17	0	0
s8001-8102	4	18	0	0
s8001-8102	5	19	0	0
s8001-8102	6	20	0	0
s8001-8102	7	21	0	0
s8001-8102	8	22	0	0
s8001-8102	9	23	0	0
s8001-8102	10	24	0	0
s8001-8102	11	25	1	1
s8001-8102	12	26	2	3
s8001-8102	13	27	6	9
s8001-8102	14	28	6	15
s8001-8102	15	29	6	21
s8001-8102	16	30	6	27
s8001-8102	17	31	1	28
s8001-8102	18	32	1	29
s8001-8102	19	33	1	30
s9099-9194	1	15	0	0
s9099-9194	2	16	0	0
s9099-9194	3	17	0	0
s9099-9194	4	18	0	0
s9099-9194	5	19	0	0
s9099-9194	6	20	0	0
s9099-9194	7	21	0	0
s9099-9194	8	22	0	0
s9099-9194	9	23	0	0
s9099-9194	10	24	0	0
s9099-9194	11	25	0	0
s9099-9194	12	26	1	1
s9099-9194	13	27	2	3
s9099-9194	14	28	2	5
s9099-9194	15	29	1	6
s9099-9194	16	30	0	6
s9099-9194	17	31	0	6
s9981-10115	1	15	0	0
s9981-10115	2	16	2	2
s9981-10115	3	17	8	10
s9981-10115	4	18	7	17
s9981-10115	5	19	8	25
s9981-10115	6	20	9	34
s9981-10115	7	21	9	43
s9981-10115	8	22	6	49
s9981-10115	9	23	2	51
s9981-10115	10	24	0	51
s9981-10115	11	25	0	51
s9981-10115	12	26	1	52
s9981-10115	13	27	3	55
s9981-10115	14	28	3	58
s9981-10115	15	29	4	62
s9981-10115	16	30	1	63
s9981-10115	17	31	0	61
s9981-10115	18	32	0	53
s9981-10115	19	33	0	46
s9981-10115	20	34	0	38
s9981-10115	21	35	0	29
s9981-10115	22	36	1	21
s9981-10115	23	37	6	21
s9981-10115	24	38	6	25
s9981-10115	25	39	13	38
s9981-10115	26	40	8	46
s9981-10115	27	41	7	52
s9981-10115	28	42	5	54
s9981-10115	29	43	3	54
s9981-10115	30	44	2	52
s10215-10400	1	15	1	1
s10215-10400	2	16	0	1
s10215-10400	3	17	0	1
s10215-10400	4	18	0	1
s10215-10400	5	19	0	1
s10215-10400	6	20	0	1
s10215-10400	7	21	1	2
s10215-10400	8	22	0	2
s10215-10400	9	23	0	2
s10215-10400	10	24	1	3
s10215-10400	11	25	2	5
s10215-10400	12	26	3	8
s10215-10400	13	27	3	11
s10215-10400	14	28	2	13
s10215-10400	15	29	1	14
s10215-10400	16	30	1	14
s10215-10400	17	31	0	14
s10215-10400	18	32	0	14
s10215-10400	19	33	0	14
s10215-10400	20	34	0	14
s10215-10400	21	35	0	14
s10215-10400	22	36	0	13
s10215-10400	23	37	0	13
s10215-10400	24	38	0	13
s10215-10400	25	39	0	12
s10215-10400	26	40	0	10
s10215-10400	27	41	1	8
s10215-10400	28	42	1	6
s10215-10400	29	43	1	5
s10215-10400	30	44	0	4
s10215-10400	31	45	3	6
s10215-10400	32	46	3	9
s10215-10400	33	47	3	12
s10215-10400	34	48	4	16
s10215-10400	35	49	3	19
s10215-10400	36	50	2	21
s10215-10400	37	51	3	24
s10215-10400	38	52	3	27
s10215-10400	39	53	2	29
s10215-10400	40	54	2	31
s10215-10400	41	55	2	33
s10215-10400	42	56	4	36
s10215-10400	43	57	5	40
s10215-10400	44	58	5	44
s10215-10400	45	59	1	45
s10215-10400	46	60	6	48
s10215-10400	47	61	3	48
s13311-13466	1	15	0	0
s13311-13466	2	16	0	0
s13311-13466	3	17	0	0
s13311-13466	4	18	0	0
s13311-13466	5	19	0	0
s13311-13466	6	20	0	0
s13311-13466	7	21	0	0
s13311-13466	8	22	0	0
s13311-13466	9	23	2	2
s13311-13466	10	24	5	7
s13311-13466	11	25	5	12
s13311-13466	12	26	4	16
s13311-13466	13	27	2	18
s13311-13466	14	28	2	20
s13311-13466	15	29	1	21
s13311-13466	16	30	0	21
s13311-13466	17	31	0	21
s13311-13466	18	32	0	21
s13311-13466	19	33	0	21
s13311-13466	20	34	0	21
s13311-13466	21	35	0	21
s13311-13466	22	36	0	21
s13311-13466	23	37	0	21
s13311-13466	24	38	0	19
s13311-13466	25	39	0	14
s13311-13466	26	40	2	11
s13311-13466	27	41	4	11
s13311-13466	28	42	4	13
s13311-13466	29	43	4	15
s13311-13466	30	44	6	20
s13311-13466	31	45	12	32
s13311-13466	32	46	6	38
s13311-13466	33	47	2	40
s13311-13466	34	48	0	40
s13311-13466	35	49	0	40
s13311-13466	36	50	0	40
s13311-13466	37	51	0	40
s21744-21863	1	15	0	0
s21744-21863	2	16	0	0
s21744-21863	3	17	4	4
s21744-21863	4	18	4	8
s21744-21863	5	19	2	10
s21744-21863	6	20	1	11
s21744-21863	7	21	0	11
s21744-21863	8	22	0	11
s21744-21863	9	23	0	11
s21744-21863	10	24	1	12
s21744-21863	11	25	2	14
s21744-21863	12	26	1	15
s21744-21863	13	27	1	16
s21744-21863	14	28	2	18
s21744-21863	15	29	2	20
s21744-21863	16	30	1	21
s21744-21863	17	31	0	21
s21744-21863	18	32	0	17
s21744-21863	19	33	0	13
s21744-21863	20	34	0	11
s21744-21863	21	35	0	10
s21744-21863	22	36	0	10
s21744-21863	23	37	0	10
s21744-21863	24	38	0	10
s21744-21863	25	39	0	9
s21936-22199	1	15	4	4
s21936-22199	2	16	4	8
s21936-22199	3	17	0	8
s21936-22199	4	18	0	8
s21936-22199	5	19	0	8
s21936-22199	6	20	0	8
s21936-22199	7	21	1	9
s21936-22199	8	22	1	10
s21936-22199	9	23	0	10
s21936-22199	10	24	1	11
s21936-22199	11	25	1	12
s21936-22199	12	26	9	21
s21936-22199	13	27	9	30
s21936-22199	14	28	14	44
s21936-22199	15	29	14	58
s21936-22199	16	30	15	69
s21936-22199	17	31	14	79
s21936-22199	18	32	4	83
s21936-22199	19	33	0	83
s21936-22199	20	34	0	83
s21936-22199	21	35	0	83
s21936-22199	22	36	0	82
s21936-22199	23	37	1	82
s21936-22199	24	38	2	84
s21936-22199	25	39	8	91
s21936-22199	26	40	8	98
s21936-22199	27	41	5	94
s21936-22199	28	42	3	88
s21936-22199	29	43	0	74
s21936-22199	30	44	0	60
s21936-22199	31	45	0	45
s21936-22199	32	46	0	31
s21936-22199	33	47	0	27
s21936-22199	34	48	0	27
s21936-22199	35	49	0	27
s21936-22199	36	50	0	27
s21936-22199	37	51	0	27
s21936-22199	38	52	0	26
s21936-22199	39	53	0	24
s21936-22199	40	54	0	16
s21936-22199	41	55	0	8
s21936-22199	42	56	0	3
s21936-22199	43	57	0	0
s21936-22199	44	58	0	0
s21936-22199	45	59	0	0
s21936-22199	46	60	0	0
s21936-22199	47	61	2	2
s21936-22199	48	62	2	4
s21936-22199	49	63	5	9
s21936-22199	50	64	1	10
s21936-22199	51	65	0	10
s21936-22199	52	66	0	10
s21936-22199	53	67	0	10
s21936-22199	54	68	1	11
s21936-22199	55	69	1	12
s21936-22199	56	70	1	13
s21936-22199	57	71	3	16
s21936-22199	58	72	2	18
s21936-22199	59	73	0	18
s21936-22199	60	74	0	18
s21936-22199	61	75	0	18
s21936-22199	62	76	0	16
s21936-22199	63	77	0	14
s21936-22199	64	78	0	9
s21936-22199	65	79	0	8
s21936-22199	66	80	0	8
s21936-22199	67	81	0	8
s21936-22199	68	82	0	8
s21936-22199	69	83	0	7
s21936-22199	70	84	0	6
s21936-22199	71	85	1	6
s21936-22199	72	86	1	4
s21936-22199	73	87	1	3
s22614-22724	1	15	1	1
s22614-22724	2	16	1	2
s22614-22724	3	17	1	3
s22614-22724	4	18	0	3
s22614-22724	5	19	0	3
s22614-22724	6	20	0	3
s22614-22724	7	21	0	3
s22614-22724	8	22	1	4
s22614-22724	9	23	1	5
s22614-22724	10	24	1	6
s22614-22724	11	25	3	9
s22614-22724	12	26	3	12
s22614-22724	13	27	2	14
s22614-22724	14	28	4	18
s22614-22724	15	29	3	21
s22614-22724	16	30	3	23
s22614-22724	17	31	2	24
s22614-22724	18	32	1	24
s22614-22724	19	33	0	24
s22614-22724	20	34	0	24
s22614-22724	21	35	0	24
s22614-22724	22	36	0	24
s23403-23513	1	15	0	0
s23403-23513	2	16	0	0
s23403-23513	3	17	0	0
s23403-23513	4	18	0	0
s23403-23513	5	19	0	0
s23403-23513	6	20	0	0
s23403-23513	7	21	0	0
s23403-23513	8	22	0	0
s23403-23513	9	23	0	0
s23403-23513	10	24	0	0
s23403-23513	11	25	0	0
s23403-23513	12	26	0	0
s23403-23513	13	27	0	0
s23403-23513	14	28	0	0
s23403-23513	15	29	0	0
s23403-23513	16	30	0	0
s23403-23513	17	31	0	0
s23403-23513	18	32	0	0
s23403-23513	19	33	0	0
s23403-23513	20	34	0	0
s23403-23513	21	35	0	0
s23403-23513	22	36	1	1
s23526-23624	1	15	1	1
s23526-23624	2	16	0	1
s23526-23624	3	17	0	1
s23526-23624	4	18	0	1
s23526-23624	5	19	0	1
s23526-23624	6	20	0	1
s23526-23624	7	21	1	2
s23526-23624	8	22	1	3
s23526-23624	9	23	6	9
s23526-23624	10	24	1	10
s23526-23624	11	25	1	11
s23526-23624	12	26	0	11
s23526-23624	13	27	0	11
s23526-23624	14	28	0	11
s23526-23624	15	29	0	11
s23526-23624	16	30	0	10
s23526-23624	17	31	0	10
s23526-23624	18	32	2	12
s24051-24170	1	15	0	0
s24051-24170	2	16	0	0
s24051-24170	3	17	0	0
s24051-24170	4	18	0	0
s24051-24170	5	19	0	0
s24051-24170	6	20	0	0
s24051-24170	7	21	0	0
s24051-24170	8	22	0	0
s24051-24170	9	23	0	0
s24051-24170	10	24	1	1
s24051-24170	11	25	2	3
s24051-24170	12	26	0	3
s24051-24170	13	27	1	4
s24051-24170	14	28	1	5
s24051-24170	15	29	1	6
s24051-24170	16	30	2	8
s24051-24170	17	31	3	11
s24051-24170	18	32	1	12
s24051-24170	19	33	1	13
s24051-24170	20	34	0	13
s24051-24170	21	35	0	13
s24051-24170	22	36	0	13
s24051-24170	23	37	0	13
s24051-24170	24	38	0	13
s24051-24170	25	39	0	12
s24762-24875	1	15	0	0
s24762-24875	2	16	1	1
s24762-24875	3	17	1	2
s24762-24875	4	18	1	3
s24762-24875	5	19	0	3
s24762-24875	6	20	0	3
s24762-24875	7	21	0	3
s24762-24875	8	22	0	3
s24762-24875	9	23	0	3
s24762-24875	10	24	2	5
s24762-24875	11	25	4	9
s24762-24875	12	26	4	13
s24762-24875	13	27	5	18
s24762-24875	14	28	2	20
s24762-24875	15	29	1	21
s24762-24875	16	30	0	21
s24762-24875	17	31	0	20
s24762-24875	18	32	0	19
s24762-24875	19	33	1	19
s24762-24875	20	34	6	25
s24762-24875	21	35	4	29
s24762-24875	22	36	4	33
s24762-24875	23	37	1	34
s25332-25448	1	15	0	0
s25332-25448	2	16	0	0
s25332-25448	3	17	0	0
s25332-25448	4	18	0	0
s25332-25448	5	19	0	0
s25332-25448	6	20	0	0
s25332-25448	7	21	0	0
s25332-25448	8	22	2	2
s25332-25448	9	23	4	6
s25332-25448	10	24	5	11
s25332-25448	11	25	5	16
s25332-25448	12	26	4	20
s25332-25448	13	27	1	21
s25332-25448	14	28	0	21
s25332-25448	15	29	0	21
s25332-25448	16	30	3	24
s25332-25448	17	31	5	29
s25332-25448	18	32	5	34
s25332-25448	19	33	4	38
s25332-25448	20	34	7	45
s25332-25448	21	35	5	50
s25332-25448	22	36	4	54
s25332-25448	23	37	1	53
s25332-25448	24	38	1	50
s25968-26069	1	15	0	0
s25968-26069	2	16	0	0
s25968-26069	3	17	0	0
s25968-26069	4	18	0	0
s25968-26069	5	19	0	0
s25968-26069	6	20	0	0
s25968-26069	7	21	0	0
s25968-26069	8	22	0	0
s25968-26069	9	23	1	1
s25968-26069	10	24	1	2
s25968-26069	11	25	3	5
s25968-26069	12	26	3	8
s25968-26069	13	27	4	12
s25968-26069	14	28	8	20
s25968-26069	15	29	3	23
s25968-26069	16	30	5	28
s25968-26069	17	31	1	29
s25968-26069	18	32	1	30
s25968-26069	19	33	0	30
s29840-29685	1	15	0	0
s29840-29685	2	16	0	0
s29840-29685	3	17	1	1
s29840-29685	4	18	9	10
s29840-29685	5	19	11	21
s29840-29685	6	20	13	34
s29840-29685	7	21	9	43
s29840-29685	8	22	5	48
s29840-29685	9	23	5	53
s29840-29685	10	24	2	55
s29840-29685	11	25	2	57
s29840-29685	12	26	0	57
s29840-29685	13	27	0	57
s29840-29685	14	28	1	58
s29840-29685	15	29	0	58
s29840-29685	16	30	0	58
s29840-29685	17	31	0	58
s29840-29685	18	32	0	57
s29840-29685	19	33	3	51
s29840-29685	20	34	1	41
s29840-29685	21	35	2	30
s29840-29685	22	36	3	24
s29840-29685	23	37	1	20
s29840-29685	24	38	1	16
s29840-29685	25	39	1	15
s29840-29685	26	40	3	16
s29840-29685	27	41	2	18
s29840-29685	28	42	0	18
s29840-29685	29	43	0	17
s29840-29685	30	44	0	17
s29840-29685	31	45	0	17
s29840-29685	32	46	0	17
s29840-29685	33	47	0	17
s29840-29685	34	48	1	15
s29840-29685	35	49	1	15
s29840-29685	36	50	0	13
s29840-29685	37	51	0	10
s28835-28728	1	15	0	0
s28835-28728	2	16	0	0
s28835-28728	3	17	0	0
s28835-28728	4	18	0	0
s28835-28728	5	19	0	0
s28835-28728	6	20	0	0
s28835-28728	7	21	0	0
s28835-28728	8	22	0	0
s28835-28728	9	23	0	0
s28835-28728	10	24	0	0
s28835-28728	11	25	0	0
s28835-28728	12	26	0	0
s28835-28728	13	27	0	0
s28835-28728	14	28	2	2
s28835-28728	15	29	4	6
s28835-28728	16	30	4	10
s28835-28728	17	31	1	11
s28835-28728	18	32	0	11
s28835-28728	19	33	1	12
s28835-28728	20	34	3	15
s28835-28728	21	35	1	16
