product	sequences	frame	codon	ref_codon_maj	alt_codon1_maj	alt_codon2_maj	num_defined_seqs	nonamers	nonamer_counts	multiple_variants	NN_sites	SN_sites	NS_sites	SS_sites	NN_diffs	SN_diffs	NS_diffs	SS_diffs	pair	which_gene	ratio_name	sw_num_replicates	sw_N_diffs	sw_S_diffs	sw_N_sites	sw_S_sites	sw_dN	sw_dS	sw_dNdS	sw_dN_m_dS	sw_boot_dN_SE	sw_boot_dS_SE	sw_boot_dN_over_dS_SE	sw_boot_dN_over_dS_P	sw_boot_dN_m_dS_SE	sw_boot_dN_m_dS_P	sw_boot_dN_gt_dS_count	sw_boot_dN_eq_dS_count	sw_boot_dN_lt_dS_count	sw_ASL_dN_gt_dS_P	sw_ASL_dN_lt_dS_P	sw_ASL_dNdS_P
ORF3a	all	ss12	2	GAT	GGA	TTT	2	ATGGATTTG	2	FALSE	1.66666666666667	0.333333333333333	1	0	0	0	0	0	SARSCOV2_vs_EPI_ISL_410540	ORF2	dNNdNS	1000	7	80.83333333333336	2	31.916666666666664	0.0920189790070996	0.0654365742860851	1.40623160688085	0.0265824047210145	0.0339731659099525	0.0490722465597808	NaN	NaN	0.0633419194871507	0.674729988359516	681	0	319	0.319	0.681	0.638
ORF3a	all	ss12	3	TTG	TTT	GTT	2	GATTTGTTT	2	FALSE	1.83333333333333	0.666666666666667	0.5	0	0	0	0	0	SARSCOV2_vs_EPI_ISL_410540	ORF2	dNNdNS	1000	7	80.16666666666669	2	31.916666666666664	0.0928335758860083	0.0654365742860851	1.41868025487008	0.0273970015999232	0.0352711814780753	0.048212361942487	NaN	NaN	0.0608829907181935	0.652714517311367	703	0	297	0.297	0.703	0.594
ORF3a	all	ss12	4	TTT	GTT	TAT	2	TTGTTTATG	2	FALSE	1.66666666666667	0.333333333333333	1	0	0	0	0	0	SARSCOV2_vs_EPI_ISL_410540	ORF2	dNNdNS	1000	7	79.33333333333336	2	32.416666666666664	0.0938723572155045	0.0643826713791054	1.45803762417304	0.0294896858363991	0.0346174763129907	0.0464757846449832	NaN	NaN	0.0626221652674694	0.637701790756215	702	0	298	0.298	0.702	0.596
ORF3a	all	ss12	5	ATG	TAT	GAG	2	TTTATGAGA	2	FALSE	2	0	1	0	0	0	0	0	SARSCOV2_vs_EPI_ISL_410540	ORF2	dNNdNS	1000	7	79.16666666666669	2	31.916666666666664	0.0940829130843776	0.0654365742860851	1.43777259293942	0.0286463387982925	0.0353833855519105	0.0451412035998178	NaN	NaN	0.0605751712334155	0.636280516522673	693	2	305	0.305	0.693	0.61
ORF3a	all	ss12	6	AGA	GAG	AAT	2	ATGAGAATC:ATGAGAATT	1:1	FALSE	1.83333333333333	0.833333333333333	0.333333333333333	0	0	0	0	0	SARSCOV2_vs_EPI_ISL_410540	ORF2	dNNdNS	1000	7	78.66666666666669	2	31.416666666666664	0.0947202939932191	0.0665255778124882	1.42381768197792	0.0281947161807308	0.0347391835726724	0.0510990677601125	NaN	NaN	0.0613408415673921	0.645774505237351	702	0	298	0.298	0.702	0.596
ORF3a	all	ss12	7	ATC	AAT	CTT	2	AGAATCTTC:AGAATTTTT	1:1	FALSE	2	0.666666666666667	0.333333333333333	0	0	1	0	0	SARSCOV2_vs_EPI_ISL_410540	ORF2	dNNdNS	1000	7	79.16666666666669	2	31.416666666666664	0.0940829130843776	0.0665255778124882	1.41423669178137	0.0275573352718894	0.0351389282744952	0.0498380380002424	NaN	NaN	0.0632886705580348	0.663255505001973	687	0	313	0.313	0.687	0.626
ORF3a	all	ss12	8	TTC	CTT	CAC	2	ATCTTCACA:ATTTTTAAT	1:1	FALSE	2	0.333333333333333	0.666666666666667	0	0	1	0	0	SARSCOV2_vs_EPI_ISL_410540	ORF2	dNNdNS	1000	7	77.66666666666669	2	32.083333333333336	0.0960213558204693	0.0650814580158656	1.4754026530423	0.0309398978046037	0.0357702081890762	0.0491192715688124	NaN	NaN	0.0601022453638211	0.606701368042698	696	0	304	0.304	0.696	0.608
ORF3a	all	ss12	9	AAT	CAC	AAT	2	TTCACAATT:TTTAATCTT	1:1	TRUE	2	0.666666666666667	0.333333333333333	0	1	1	0	0	SARSCOV2_vs_EPI_ISL_410540	ORF2	dNNdNS	1000	7	78.00000000000001	2	31.75	0.0955837099260903	0.0657955896932053	1.45273733956611	0.0297881202328849	0.0370570921237382	0.0488414448314541	NaN	NaN	0.0633027618290862	0.637950773426543	673	0	327	0.327	0.673	0.654
ORF3a	all	ss12	10	ATT	AAT	TGG	2	AATCTTGGA:ACAATTGGA	1:1	FALSE	1.5	0.833333333333333	0.666666666666667	0	1	0	0	0	SARSCOV2_vs_EPI_ISL_410540	ORF2	dNNdNS	1000	6	77.00000000000001	2	32.416666666666664	0.0822741879423184	0.0643826713791054	1.27789335515238	0.0178915165632129	0.0334855057769965	0.0469126326106535	NaN	NaN	0.0582312102698083	0.758653388216423	621	0	379	0.379	0.621	0.758
ORF3a	all	ss12	11	GGA	TGG	AAC	2	ATTGGAACT:CTTGGATCT	1:1	FALSE	2	1	0	0	0	0	0	0	SARSCOV2_vs_EPI_ISL_410540	ORF2	dNNdNS	1000	5	77.16666666666669	2	32.08333333333333	0.067766156279967	0.0650814580158656	1.04125135401003	0.00268469826410142	0.0290113341642779	0.0481221077072025	NaN	NaN	0.058842704909905	0.96360914479573	560	1	439	0.439	0.56	0.878
ORF3a	all	ss12	12	ACT	AAC	TGT	2	GGAACTGTA:GGATCTGTA	1:1	FALSE	1.5	1	0.5	0	1	0	0	0	SARSCOV2_vs_EPI_ISL_410540	ORF2	dNNdNS	1000	5	77.50000000000001	2	32.416666666666664	0.0674611774972046	0.0643826713791054	1.04781575619893	0.00307850611809911	0.0297537785985569	0.0509826753226151	NaN	NaN	0.0579929564008022	0.957664869434427	520	0	480	0.48	0.52	0.96
ORF3a	all	ss12	13	GTA	TGT	AAC	2	ACTGTAACT:TCTGTAACA	1:1	FALSE	1.5	1	0.5	0	0	0	0	0	SARSCOV2_vs_EPI_ISL_410540	ORF2	dNNdNS	1000	4	78.00000000000001	2	32.25	0.0531195394264593	0.0647301776657745	0.820630212089558	-0.0116106382393152	0.0260815704735635	0.0499271133319491	NA	NA	0.0575362717314856	0.840075546358943	434	5	561	0.561	0.434	0.868
ORF3a	all	ss12	14	ACA	AAC	ATT	2	GTAACATTC:GTAACTTTG	1:1	FALSE	1.66666666666667	1	0.333333333333333	0	0	1	0	0	SARSCOV2_vs_EPI_ISL_410540	ORF2	dNNdNS	1000	4	78.50000000000001	2	32.08333333333333	0.0527690107059348	0.0650814580158656	0.810814820606365	-0.0123124473099308	0.0268907935536527	0.0492095696316851	NA	NA	0.0522856120885655	0.813832765886443	455	5	540	0.54	0.455	0.91
ORF3a	all	ss12	15	TTC	ATT	CAA	2	ACATTCAAA:ACTTTGAAG	1:1	FALSE	2	0.416666666666667	0.583333333333333	0	1	0	0	0	SARSCOV2_vs_EPI_ISL_410540	ORF2	dNNdNS	1000	4	78.16666666666667	2	32.416666666666664	0.0530021800130169	0.0643826713791054	0.823236732457455	-0.0113804913660886	0.0268432296848632	0.0492626777179054	NaN	NaN	0.0555094973262894	0.837557424965889	433	4	563	0.563	0.433	0.866
ORF3a	all	ss12	16	AAA	CAA	ACC	2	TTCAAACCA:TTGAAGCAA	1:1	FALSE	2.33333333333333	0.333333333333333	0.333333333333333	0	0	1	0	0	SARSCOV2_vs_EPI_ISL_410540	ORF2	dNNdNS	1000	3	77.16666666666667	2	32.83333333333333	0.039920730758297	0.0635300231041221	0.628375826227376	-0.0236092923458251	0.0225163505396481	0.0457123683075863	NA	NA	0.0520807393052711	0.650317619908021	294	9	697	0.697	0.294	0.588
ORF3a	all	ss12	17	CAA	ACC	AGG	2	AAACCAGGA:AAGCAAGGT	1:1	FALSE	1.16666666666667	0.5	1.16666666666667	0.166666666666667	0	0	1	0	SARSCOV2_vs_EPI_ISL_410540	ORF2	dNNdNS	1000	3	77.00000000000001	2	32.83333333333333	0.0400094855289696	0.0635300231041221	0.629772878618292	-0.0235205375751525	0.0220966625364181	0.0487569183948547	NA	NA	0.0534400330936253	0.659843282776469	330	2	668	0.668	0.33	0.66
ORF3a	all	ss12	18	GGA	AGG	AAA	2	CAAGGTGAA:CCAGGAAAA	1:1	FALSE	1.66666666666667	1	0.333333333333333	0	0	0	0	0	SARSCOV2_vs_EPI_ISL_410540	ORF2	dNNdNS	1000	3	78.00000000000001	1	31.999999999999993	0.0394828001140665	0.0319197108140969	1.23694103446042	0.0075630892999696	0.0226152955860571	0.0331210032361903	NA	NA	0.0426971377546872	0.859403605126244	603	15	382	0.382	0.603	0.764
ORF3a	all	ss12	19	AAA	AAA	AAT	2	GGAAAAATT:GGTGAAATC	1:1	FALSE	2.33333333333333	0.333333333333333	0.333333333333333	0	1	0	0	0	SARSCOV2_vs_EPI_ISL_410540	ORF2	dNNdNS	1000	3	78.25000000000001	1	31.999999999999993	0.0393532888030902	0.0319197108140969	1.23288362580373	0.00743357798899328	0.0216382753308685	0.035245057615632	NA	NA	0.0418672013529763	0.859075336889758	590	13	397	0.397	0.59	0.794
ORF3a	all	ss12	20	ATC	AAT	CAA	2	AAAATTGAA:GAAATCAAG	1:1	FALSE	2.16666666666667	0.5	0.333333333333333	0	0	0	0	0	SARSCOV2_vs_EPI_ISL_410540	ORF2	dNNdNS	1000	2	78.41666666666669	1	32.166666666666664	0.0259485340559256	0.0317507728699206	0.817256769220514	-0.00580223881399495	0.0181343301340661	0.0340769379642853	NA	NA	0.0396148967163836	0.883553461718966	439	44	517	0.517	0.439	0.878
ORF3a	all	ss12	21	AAG	CAA	AGA	2	ATCAAGGAT:ATTGAAGAT	1:1	TRUE	1.91666666666667	0.5	0.583333333333333	0	1	1	0	0	SARSCOV2_vs_EPI_ISL_410540	ORF2	dNNdNS	1000	2	77.91666666666669	1	32.83333333333333	0.0261179819037762	0.0310925352587596	0.840008114051041	-0.00497455335498345	0.0195461999513587	0.0323827159975869	NA	NA	0.0405153959851604	0.90227988458168	461	40	499	0.499	0.461	0.922
ORF3a	all	ss12	22	GAT	AGA	TGC	2	AAGGATGCT:GAAGATGCT	1:1	FALSE	2	0.333333333333333	0.666666666666667	0	0	0	0	0	SARSCOV2_vs_EPI_ISL_410540	ORF2	dNNdNS	1000	1.5	77.33333333333334	1.5	33.08333333333333	0.0196517792955181	0.0467683957825312	0.420193572319587	-0.0271166164870131	0.0142787734945902	0.0360545229662516	NA	NA	0.037111186671049	0.464971101442443	217	45	738	0.738	0.217	0.434
ORF3a	all	ss12	23	GCT	TGC	TAC	2	GATGCTACT	2	FALSE	1.5	1	0.5	0	0	0	0	0	SARSCOV2_vs_EPI_ISL_410540	ORF2	dNNdNS	1000	1.5	76.91666666666667	1.5	32.83333333333333	0.0197596500234239	0.0471359277447477	0.41920570929307	-0.0273762777213239	0.0140239789728872	0.0397044675612785	NA	NA	0.039460934601534	0.487834961013342	222	48	730	0.73	0.222	0.444
ORF3a	all	ss12	24	ACT	TAC	TCC	2	GCTACTCCT	2	FALSE	1	1	1	0	0	0	0	0	SARSCOV2_vs_EPI_ISL_410540	ORF2	dNNdNS	1000	1.5	76.41666666666667	1.5	33.33333333333333	0.0198906685349743	0.0464065527885656	0.42861767012945	-0.0265158842535913	0.0160613859909397	0.0355691781129015	NA	NA	0.036916025767144	0.472587310107562	198	50	752	0.752	0.198	0.396
ORF3a	all	ss12	25	CCT	TCC	TTC	2	ACTCCTTCA	2	FALSE	1	1	1	0	0	0	0	0	SARSCOV2_vs_EPI_ISL_410540	ORF2	dNNdNS	1000	1.5	76.41666666666667	1.5	33.33333333333333	0.0198906685349743	0.0464065527885656	0.42861767012945	-0.0265158842535913	0.0158279578546335	0.0381589628035683	NA	NA	0.0374835029199701	0.479317037136229	222	44	734	0.734	0.222	0.444
ORF3a	all	ss12	26	TCA	TTC	AGA	2	CCTTCAGAT	2	FALSE	1	0.5	1	0.5	0	0	0	0	SARSCOV2_vs_EPI_ISL_410540	ORF2	dNNdNS	1000	1.5	77.75	1.5	32.666666666666664	0.0195450800023987	0.0473841762161487	0.412481160656702	-0.02783909621375	0.0150770356403944	0.0367732203937096	NA	NA	0.0387575946584366	0.472580028901957	236	46	718	0.718	0.236	0.472
ORF3a	all	ss12	27	GAT	AGA	TTC	2	TCAGATTCT:TCAGATTTT	1:1	FALSE	2.33333333333333	0.333333333333333	0.333333333333333	0	0	0	0	0	SARSCOV2_vs_EPI_ISL_410540	ORF2	dNNdNS	1000	1.5	77.75	1.5	32.666666666666664	0.0195450800023987	0.0473841762161487	0.412481160656702	-0.02783909621375	0.0149316714800414	0.0381252763867595	NA	NA	0.0404271316553348	0.491059865566979	203	55	742	0.742	0.203	0.406
ORF3a	all	ss12	28	TCT	TTC	TAT	2	GATTCTATT:GATTTTGTT	1:1	FALSE	2	0.666666666666667	0.333333333333333	0	0	0	1	0	SARSCOV2_vs_EPI_ISL_410540	ORF2	dNNdNS	1000	1.5	76.91666666666667	1.5	32.83333333333333	0.0197596500234239	0.0471359277447477	0.41920570929307	-0.0273762777213239	0.0149728928534927	0.0375399993889639	NA	NA	0.038856502725823	0.481091465614807	202	52	746	0.746	0.202	0.404
ORF3a	all	ss12	29	ATT	TAT	TCG	2	TCTATTCGC:TTTGTTCGC	1:1	FALSE	1.41666666666667	0.833333333333333	0.75	0	1	0	0	0	SARSCOV2_vs_EPI_ISL_410540	ORF2	dNNdNS	1000	1.5	76.58333333333334	0.5	33.49999999999999	0.0198468030606237	0.0150758844908154	1.31646027619241	0.00477091856980827	0.0150034971414848	0.0159889940355943	NA	NA	0.0171426608711403	0.780776879915559	525	127	348	0.348	0.525	0.696
ORF3a	all	ss12	30	CGC	TCG	CGC	2	ATTCGCGCT:GTTCGCGCT	1:1	FALSE	1	1	1	0	0	0	0	0	SARSCOV2_vs_EPI_ISL_410540	ORF2	dNNdNS	1000	0.5	77.16666666666667	0.5	33.416666666666664	0.00650763301926673	0.0151138615779809	0.430573813693488	-0.00860622855871422	0.00644189818523591	0.0144911889968906	NA	NA	0.00891917808821344	0.334588520252301	0	360	640	0.64	0	0.001
ORF3a	all	ss12	31	GCT	CGC	TAC	2	CGCGCTACT	2	FALSE	1	1	1	0	0	0	0	0	SARSCOV2_vs_EPI_ISL_410540	ORF2	dNNdNS	1000	0.5	77.66666666666667	1.5	32.916666666666664	0.00646555728293023	0.047012776720265	0.137527662350206	-0.0405472194373348	0.00664041886630561	0.0363866045909949	NA	NA	0.0352722805774377	0.250329620548899	0	124	876	0.876	0	0.001
ORF3a	all	ss12	32	ACT	TAC	TGC	2	GCTACTGCA	2	FALSE	1	1	1	0	0	0	0	0	SARSCOV2_vs_EPI_ISL_410540	ORF2	dNNdNS	1000	0.5	79.33333333333334	1.5	32.24999999999999	0.00632915148439845	0.0480163940736983	0.1318123029956	-0.0416872425892998	0.00635337442297408	0.0400217422478511	NA	NA	0.0346534535005073	0.228985946325438	0	131	869	0.869	0	0.001
ORF3a	all	ss12	33	GCA	TGC	AAC	2	ACTGCAACG	2	FALSE	1.5	1	0.5	0	0	0	0	0	SARSCOV2_vs_EPI_ISL_410540	ORF2	dNNdNS	1000	0.5	80.66666666666667	1.5	31.58333333333333	0.0062241021110213	0.0490638117052579	0.1268572883903	-0.0428397095942366	0.0063771895249921	0.0387821243494192	NA	NA	0.0343731212824841	0.212649061964634	0	137	863	0.863	0	0.001
ORF3a	all	ss12	34	ACG	AAC	GAT	2	GCAACGATA	2	FALSE	1.66666666666667	1	0.333333333333333	0	0	0	0	0	SARSCOV2_vs_EPI_ISL_410540	ORF2	dNNdNS	1000	0.5	80.5	1.5	32.08333333333333	0.00623704218124313	0.0482740319661775	0.129200771661522	-0.0420369897849344	0.00590966214655012	0.0357165826968633	NA	NA	0.0357393936666803	0.239511443827883	0	112	888	0.888	0	0.001
ORF3a	all	ss12	35	ATA	GAT	ACC	2	ACGATACCG	2	FALSE	2	0.666666666666667	0.333333333333333	0	0	0	0	0	SARSCOV2_vs_EPI_ISL_410540	ORF2	dNNdNS	1000	0.5	79.66666666666666	1.5	32.74999999999999	0.00630255809728463	0.0472597258715505	0.133360022324604	-0.0409571677742659	0.00623118108886549	0.0370300144295477	NA	NA	0.0351544906775363	0.243993821702081	0	121	879	0.879	0	0.001
ORF3a	all	ss12	36	CCG	ACC	GAT	2	ATACCGATA	2	FALSE	1	1	1	0	0	0	0	0	SARSCOV2_vs_EPI_ISL_410540	ORF2	dNNdNS	1000	0.5	78.66666666666666	1.5	33.416666666666664	0.00638301725093146	0.0462871798939189	0.137900327165321	-0.0399041626429874	0.00655321656723625	0.0367312975825594	NA	NA	0.0332955454917879	0.230728834011853	0	130	870	0.87	0	0.001
ORF3a	all	ss12	37	ATA	GAT	ACA	2	CCGATACAA	2	FALSE	2	0.666666666666667	0.333333333333333	0	0	0	0	0	SARSCOV2_vs_EPI_ISL_410540	ORF2	dNNdNS	1000	0.5	78.66666666666666	1.5	33.416666666666664	0.00638301725093146	0.0462871798939189	0.137900327165321	-0.0399041626429874	0.00642343141494157	0.0377116985154928	NA	NA	0.0354298692370189	0.260044518253178	0	119	881	0.881	0	0.001
ORF3a	all	ss12	38	CAA	ACA	AGC	2	ATACAAGCC	2	FALSE	1.66666666666667	0.333333333333333	1	0	0	0	0	0	SARSCOV2_vs_EPI_ISL_410540	ORF2	dNNdNS	1000	0.5	78.5	1.5	33.916666666666664	0.00639662726064033	0.0455836471964618	0.140327236938093	-0.0391870199358215	0.00653895426693482	0.0341382746282558	NA	NA	0.0333904260933215	0.24055509072066	0	124	876	0.876	0	0.001
ORF3a	all	ss12	39	GCC	AGC	CTC	2	CAAGCCTCA	2	FALSE	1.66666666666667	1	0.333333333333333	0	0	0	0	0	SARSCOV2_vs_EPI_ISL_410540	ORF2	dNNdNS	1000	0.5	78.33333333333333	1.5	33.416666666666664	0.00641029543384381	0.0462871798939189	0.138489651962702	-0.039876884460075	0.0064857981263563	0.0370781832306407	NA	NA	0.0324830030319871	0.21958849097264	0	149	851	0.851	0	0.001
ORF3a	all	ss12	40	TCA	CTC	ACT	2	GCCTCACTC	2	FALSE	1	1	1	0	0	0	0	0	SARSCOV2_vs_EPI_ISL_410540	ORF2	dNNdNS	1000	0.5	77.99999999999999	1.5	33.75	0.00643780776854358	0.0458157689848786	0.140515108906463	-0.039377961216335	0.00627777817664008	0.0359856523174055	NA	NA	0.0365363995050485	0.281134872296919	0	124	876	0.876	0	0.001
ORF3a	all	ss12	41	CTC	ACT	CCC	2	TCACTCCCT	2	FALSE	1	1	1	0	0	0	0	0	SARSCOV2_vs_EPI_ISL_410540	ORF2	dNNdNS	1000	0.5	78.66666666666666	1.5	33.08333333333333	0.00638301725093146	0.0467683957825312	0.136481423921657	-0.0403853785315997	0.00669457130017239	0.0356104701351547	NA	NA	0.0368889004065523	0.273611270677582	0	136	864	0.864	0	0.001
ORF3a	all	ss12	42	CCT	CCC	TTT	2	CTCCCTTTC	2	FALSE	1	1	1	0	0	0	0	0	SARSCOV2_vs_EPI_ISL_410540	ORF2	dNNdNS	1000	0.5	78.99999999999999	1.5	32.75	0.00635597024322917	0.0472597258715505	0.13449020547652701	-0.0409037556283214	0.00599993186614452	0.0388758462867386	NA	NA	0.03595827645617	0.255315194169041	0	120	880	0.88	0	0.001
ORF3a	all	ss12	43	TTC	TTT	CGG	2	CCTTTCGGA	2	FALSE	2	0.333333333333333	0.666666666666667	0	0	0	0	0	SARSCOV2_vs_EPI_ISL_410540	ORF2	dNNdNS	1000	0.5	78.99999999999999	1.5	32.75	0.00635597024322917	0.0472597258715505	0.13449020547652701	-0.0409037556283214	0.00631361897058485	0.0389024612456437	NA	NA	0.0363167305677317	0.260035971343156	0	124	876	0.876	0	0.001
ORF3a	all	ss12	44	GGA	CGG	ATG	2	TTCGGATGG	2	FALSE	1	1	1	0	0	0	0	0	SARSCOV2_vs_EPI_ISL_410540	ORF2	dNNdNS	1000	0.5	78.66666666666666	1.5	33.08333333333333	0.00638301725093146	0.0467683957825312	0.136481423921657	-0.0403853785315997	0.0063271919864583	0.0366635204932684	NA	NA	0.0335983181239731	0.22936122009808	0	117	883	0.883	0	0.001
ORF3a	all	ss12	45	TGG	ATG	GCT	2	GGATGGCTT	2	FALSE	3	0	0	0	0	0	0	0	SARSCOV2_vs_EPI_ISL_410540	ORF2	dNNdNS	1000	0.5	78.66666666666666	1.5	33.08333333333333	0.00638301725093146	0.0467683957825312	0.136481423921657	-0.0403853785315997	0.0064639717531404	0.0335570354900285	NA	NA	0.0350688097963854	0.249483873346088	0	131	869	0.869	0	0.001
ORF3a	all	ss12	46	CTT	GCT	TAT	2	TGGCTTATT	2	FALSE	1	1	1	0	0	0	0	0	SARSCOV2_vs_EPI_ISL_410540	ORF2	dNNdNS	1000	0.5	77.49999999999999	1.5	33.58333333333333	0.00647952194303081	0.0460502676481925	0.140705413322069	-0.0395707457051617	0.00631235292529624	0.0359033375376638	NA	NA	0.0350473114937566	0.258869777280915	0	127	873	0.873	0	0.001
ORF3a	all	ss12	47	ATT	TAT	TGT	2	CTTATTGTT	2	FALSE	1.33333333333333	0.666666666666667	1	0	0	0	0	0	SARSCOV2_vs_EPI_ISL_410540	ORF2	dNNdNS	1000	0.5	77.49999999999999	1.5	33.58333333333333	0.00647952194303081	0.0460502676481925	0.140705413322069	-0.0395707457051617	0.00626244236750154	0.0354033453678164	NA	NA	0.0345800915045661	0.252490287806515	0	151	849	0.849	0	0.001
ORF3a	all	ss12	48	GTT	TGT	TGG	2	ATTGTTGGC	2	FALSE	1.5	1	0.5	0	0	0	0	0	SARSCOV2_vs_EPI_ISL_410540	ORF2	dNNdNS	1000	0.5	77.41666666666666	1.5	33.33333333333333	0.00648652691889879	0.0464065527885656	0.139776099044725	-0.0399200258696669	0.006569612696095	0.0371581334246268	NA	NA	0.0343874925019432	0.245687467557801	0	113	887	0.887	0	0.001
ORF3a	all	ss12	49	GGC	TGG	CGT	2	GTTGGCGTT	2	FALSE	2	1	0	0	0	0	0	0	SARSCOV2_vs_EPI_ISL_410540	ORF2	dNNdNS	1000	0.5	77.41666666666666	1.5	33.33333333333333	0.00648652691889879	0.0464065527885656	0.139776099044725	-0.0399200258696669	0.00679936248168919	0.0362129547225543	NA	NA	0.0345694852414224	0.248182002011105	0	139	861	0.861	0	0.001
ORF3a	all	ss12	50	GTT	CGT	TGC	2	GGCGTTGCA	2	FALSE	1	1	1	0	0	0	0	0	SARSCOV2_vs_EPI_ISL_410540	ORF2	dNNdNS	1000	0.5	76.91666666666666	1.5	33.83333333333333	0.00652887692049817	0.0456994132463681	0.142865661869675	-0.03917053632587	0.00690568419050257	0.0362296614570283	NA	NA	0.0341349813410075	0.251167225395587	0	110	890	0.89	0	0.001
ORF3a	all	ss12	51	GCA	TGC	ACT	2	GTTGCACTT	2	FALSE	1.5	1	0.5	0	0	0	0	0	SARSCOV2_vs_EPI_ISL_410540	ORF2	dNNdNS	1000	0.5	77.91666666666666	1.5	32.83333333333333	0.00644472279212388	0.0471359277447477	0.136726338071112	-0.0406912049526239	0.00667614894928252	0.0365365287205771	NA	NA	0.0344841684403346	0.238001527515828	0	135	865	0.865	0	0.001
ORF3a	all	ss12	52	CTT	ACT	TCT	2	GCACTTCTT	2	FALSE	1	1	1	0	0	0	0	0	SARSCOV2_vs_EPI_ISL_410540	ORF2	dNNdNS	1000	0.5	77.41666666666666	1.5	33.33333333333333	0.00648652691889879	0.0464065527885656	0.139776099044725	-0.0399200258696669	0.00663069788489973	0.0371600104867076	NA	NA	0.0350861929877319	0.255216438902885	0	127	873	0.873	0	0.001
ORF3a	all	ss12	53	CTT	TCT	TGC	2	CTTCTTGCT	2	FALSE	1	1	1	0	0	0	0	0	SARSCOV2_vs_EPI_ISL_410540	ORF2	dNNdNS	1000	0.5	77.08333333333331	1.5	32.33333333333333	0.00651469894197028	0.0478886039898996	0.136038606248458	-0.0413739050479293	0.00649599638030695	0.0384437834040171	NA	NA	0.0358206709517853	0.248078650458987	0	123	877	0.877	0	0.001
ORF3a	all	ss12	54	GCT	TGC	TGT	2	CTTGCTGTT	2	FALSE	1.5	1	0.5	0	0	0	0	0	SARSCOV2_vs_EPI_ISL_410540	ORF2	dNNdNS	1000	0.5	77.74999999999999	1.5	31.666666666666664	0.00645859750118894	0.0489303914013007	0.131995623092793	-0.0424717939001118	0.0063446059826653	0.0384254567815603	NA	NA	0.036186764251005	0.240521979100924	0	112	888	0.888	0	0.001
ORF3a	all	ss12	55	GTT	TGT	TTT	2	GCTGTTTTT	2	FALSE	1.5	1	0.5	0	0	0	0	0	SARSCOV2_vs_EPI_ISL_410540	ORF2	dNNdNS	1000	1.5	77.58333333333331	2.5	32.166666666666664	0.0195876203714479	0.08204894580533	0.238730920661938	-0.0624613254338821	0.0148609059476524	0.0515424984383127	NA	NA	0.0433523144928471	0.149645686671798	0	45	955	0.955	0	0.001
ORF3a	all	ss12	56	TTT	TTT	TCA	2	GTTTTTCAG	2	FALSE	2.33333333333333	0.333333333333333	0.333333333333333	0	0	0	0	0	SARSCOV2_vs_EPI_ISL_410540	ORF2	dNNdNS	1000	1.5	78.24999999999999	2.5	32.166666666666664	0.0194185604495562	0.08204894580533	0.236670444195942	-0.0626303853557738	0.0144174020803437	0.0506844924009285	NA	NA	0.0420751245359706	0.136609296273487	0	46	954	0.954	0	0.001
ORF3a	all	ss12	57	CAG	TCA	GAG	2	TTTCAGAGC	2	FALSE	0.5	0.5	1	0	0	0	0	0	SARSCOV2_vs_EPI_ISL_410540	ORF2	dNNdNS	1000	1.5	76.91666666666666	2.5	32.83333333333333	0.0197596500234239	0.0802904971231195	0.246101976341284	-0.0605308470996956	0.0148256708367518	0.0485839096602497	NA	NA	0.0405627753335871	0.135626864041484	0	45	955	0.955	0	0.001
ORF3a	all	ss12	58	AGC	GAG	CGC	2	CAGAGCGCT	2	FALSE	2.33333333333333	0.333333333333333	0.333333333333333	0	0	0	0	0	SARSCOV2_vs_EPI_ISL_410540	ORF2	dNNdNS	1000	1.5	77.41666666666666	2.5	32.83333333333333	0.0196303463354343	0.0802904971231195	0.244491528123592	-0.0606601507876852	0.0145094329725429	0.0520998214882474	NA	NA	0.0431548001823337	0.159830794034754	0	40	960	0.96	0	0.001
ORF3a	all	ss12	59	GCT	CGC	TTC	2	AGCGCTTCC	2	FALSE	1	1	1	0	0	0	0	0	SARSCOV2_vs_EPI_ISL_410540	ORF2	dNNdNS	1000	1.5	76.08333333333333	2.5	33.5	0.0199789838107979	0.0786059075949375	0.254166441455663	-0.0586269237841395	0.0147822995604141	0.0508114634414938	NA	NA	0.0427575392547216	0.170328756245338	0	38	962	0.962	0	0.001
ORF3a	all	ss12	60	TCC	TTC	CAA	2	GCTTCCAAA	2	FALSE	1.66666666666667	1	0.333333333333333	0	0	0	0	0	SARSCOV2_vs_EPI_ISL_410540	ORF2	dNNdNS	1000	1.5	76.75	2.5	32.83333333333333	0.0198031306473831	0.0802904971231195	0.246643517688232	-0.0604873664757365	0.0150072145071586	0.0503132481965684	NA	NA	0.0422315451601885	0.152063914672177	0	32	968	0.968	0	0.001
ORF3a	all	ss12	61	AAA	CAA	AAT	2	TCCAAAATA:TCCAAAATC	1:1	FALSE	2.33333333333333	0.333333333333333	0.333333333333333	0	0	0	0	0	SARSCOV2_vs_EPI_ISL_410540	ORF2	dNNdNS	1000	1.5	76.33333333333333	2.5	33.25	0.0199126740705906	0.0792292713011884	0.251329764158666	-0.0593165972305978	0.0145114442697422	0.0484460066274735	NA	NA	0.0396058308675845	0.134218140200332	0	44	956	0.956	0	0.001
ORF3a	all	ss12	62	ATA	AAT	AAT	2	AAAATAATT:AAAATCATA	1:1	FALSE	2	0.666666666666667	0.333333333333333	0	0	1	0	0	SARSCOV2_vs_EPI_ISL_410540	ORF2	dNNdNS	1000	1.5	75.33333333333333	2.5	33.916666666666664	0.0201805896899433	0.0775885030410186	0.260097680699864	-0.0574079133510753	0.0158042563613443	0.0481188301551066	NA	NA	0.0415677571069352	0.167257948687063	0	45	955	0.955	0	0.001
ORF3a	all	ss12	63	ATA	AAT	AAC	2	ATAATTACA:ATCATAACC	1:1	FALSE	2	0.666666666666667	0.333333333333333	0	0	1	0	0	SARSCOV2_vs_EPI_ISL_410540	ORF2	dNNdNS	1000	1.5	75	2.5	33.916666666666664	0.0202715042909394	0.0775885030410186	0.261269434212728	-0.0573169987500791	0.0159661085934791	0.0468955639759819	NA	NA	0.0388440270566539	0.14005993248893	0	48	952	0.952	0	0.001
ORF3a	all	ss12	64	ACA	AAC	ACT	2	ATAACCCTC:ATTACACTC	1:1	FALSE	1.33333333333333	1	0.666666666666667	0	0	1	0	0	SARSCOV2_vs_EPI_ISL_410540	ORF2	dNNdNS	1000	1.5	74.33333333333333	2.5	34.25	0.0204558134397444	0.0767933639165996	0.266374754229547	-0.0563375504768552	0.0149828433411648	0.0502513959166801	NA	NA	0.0406334495905103	0.165599742675099	0	54	946	0.946	0	0.001
ORF3a	all	ss12	65	CTC	ACT	CAA	2	ACACTCAAA:ACCCTCAAA	1:1	FALSE	1	1	1	0	0	0	0	0	SARSCOV2_vs_EPI_ISL_410540	ORF2	dNNdNS	1000	1.5	75	2.5	34.25	0.0202715042909394	0.0767933639165996	0.263974688137832	-0.0565218596256602	0.0157699414364018	0.0502030846217572	NA	NA	0.0396638115248208	0.154150436589708	0	46	954	0.954	0	0.001
ORF3a	all	ss12	66	AAA	CAA	AAA	2	CTCAAAAAG	2	FALSE	2.16666666666667	0.5	0.333333333333333	0	0	0	0	0	SARSCOV2_vs_EPI_ISL_410540	ORF2	dNNdNS	1000	1.5	75	2.5	34.25	0.0202715042909394	0.0767933639165996	0.263974688137832	-0.0565218596256602	0.0156975764855121	0.0471709378679232	NA	NA	0.0384513659919942	0.141573364900191	0	45	955	0.955	0	0.001
ORF3a	all	ss12	67	AAG	AAA	GAG	2	AAAAAGAGA:AAAAAGAGG	1:1	FALSE	2.16666666666667	0.5	0.333333333333333	0	0	0	0	0	SARSCOV2_vs_EPI_ISL_410540	ORF2	dNNdNS	1000	1.5	74.33333333333333	2.5	34.916666666666664	0.0204558134397444	0.0752510361297835	0.271834309423524	-0.0547952226900391	0.0160514572622004	0.0472877942008937	NA	NA	0.0375230972121371	0.144205856944158	0	40	960	0.96	0	0.001
ORF3a	all	ss12	68	AGA	GAG	ATG	2	AAGAGATGG:AAGAGGTGG	1:1	FALSE	1.91666666666667	0.75	0.333333333333333	0	0	1	0	0	SARSCOV2_vs_EPI_ISL_410540	ORF2	dNNdNS	1000	1.5	74.49999999999999	2.5	34.916666666666664	0.0204094226436635	0.0752510361297835	0.271217828927484	-0.05484161348612	0.0159970091055123	0.0464469081009621	NA	NA	0.0382789708021389	0.151948578666015	0	47	953	0.953	0	0.001
ORF3a	all	ss12	69	TGG	ATG	GCA	2	AGATGGCAA:AGGTGGCAA	1:1	FALSE	2.5	0	0.5	0	0	0	0	0	SARSCOV2_vs_EPI_ISL_410540	ORF2	dNNdNS	1000	2.5	74.33333333333331	2.5	35.33333333333333	0.0344097043130202	0.0743181769831732	0.463005225771498	-0.0399084726701529	0.0206905690343053	0.047745439377176	NA	NA	0.0402995441626922	0.322029518314305	121	12	867	0.867	0.121	0.242
ORF3a	all	ss12	70	CAA	GCA	ACT	2	TGGCAACTA:TGGCAATTT	1:1	FALSE	1.66666666666667	0.333333333333333	1	0	0	0	0	0	SARSCOV2_vs_EPI_ISL_410540	ORF2	dNNdNS	1000	2.5	74.16666666666664	2.5	35.166666666666664	0.0344888349313675	0.0746885290720775	0.46176883331153	-0.0401996941407099	0.0218017442033882	0.0453983741780229	NA	NA	0.0406691349821936	0.322928847763067	126	16	858	0.858	0.126	0.252
ORF3a	all	ss12	71	CTA	ACT	AGC	2	CAACTAGCA:CAATTTGCT	1:1	TRUE	1.33333333333333	0.833333333333333	0.833333333333333	0	0.5	1	0.5	0	SARSCOV2_vs_EPI_ISL_410540	ORF2	dNNdNS	1000	3.5	74.08333333333331	3.5	34.916666666666664	0.0487976950102964	0.107601064242965	0.453505691171514	-0.0588033692326688	0.0246179851792714	0.0583118235885968	NA	NA	0.050335170817949	0.242711497853777	77	8	915	0.915	0.077	0.154
ORF3a	all	ss12	72	GCA	AGC	ACT	2	CTAGCACTC:TTTGCTCTC	1:1	FALSE	1.58333333333333	1	0.416666666666667	0	0	1	0	0	SARSCOV2_vs_EPI_ISL_410540	ORF2	dNNdNS	1000	5	74.83333333333331	3	34.5	0.0699807987745894	0.0924244803179611	0.75716734931957	-0.0224436815433717	0.0358095762536092	0.0573234288072163	NA	NA	0.0536124362983878	0.675487824470001	314	2	684	0.684	0.314	0.628
ORF3a	all	ss12	73	CTC	ACT	CTC	2	GCACTCTCC:GCTCTCTCC	1:1	FALSE	1	1	1	0	0	0	0	0	SARSCOV2_vs_EPI_ISL_410540	ORF2	dNNdNS	1000	5	75.08333333333331	3	34.416666666666664	0.0697366111169323	0.0926626795339059	0.752585738591934	-0.0229260684169736	0.0375986177009665	0.0584878851858188	NA	NA	0.0532898694568258	0.667039698874008	348	9	643	0.643	0.348	0.696
ORF3a	all	ss12	74	TCC	CTC	CAA	2	CTCTCCAAG	2	FALSE	1	1	1	0	0	0	0	0	SARSCOV2_vs_EPI_ISL_410540	ORF2	dNNdNS	1000	5	76.08333333333331	3	33.75	0.0687766788210944	0.094613463995175	0.726922743517791	-0.0258367851740806	0.0370644709413094	0.0570787213618689	NA	NA	0.053646756472183	0.630083407900544	332	4	664	0.664	0.332	0.664
ORF3a	all	ss12	75	AAG	CAA	GGG	2	TCCAAGGGT	2	FALSE	2.33333333333333	0.333333333333333	0.333333333333333	0	0	0	0	0	SARSCOV2_vs_EPI_ISL_410540	ORF2	dNNdNS	1000	5	76.74999999999999	3	33.416666666666664	0.0681512822117691	0.0956200277799543	0.712730207196784	-0.0274687455681852	0.0382804737624822	0.0590049077159814	NA	NA	0.0560863731073188	0.624305209089708	292	11	697	0.697	0.292	0.584
ORF3a	all	ss12	76	GGT	GGG	TGT	2	AAGGGTGTT	2	FALSE	1	1	1	0	0	0	0	0	SARSCOV2_vs_EPI_ISL_410540	ORF2	dNNdNS	1000	5	76.74999999999999	3	33.75	0.0681512822117691	0.094613463995175	0.720312726476695	-0.0264621817834059	0.0365497791823502	0.0563014616227398	NA	NA	0.0552025595352587	0.631678900105739	316	6	678	0.678	0.316	0.632
ORF3a	all	ss12	77	GTT	TGT	TCA	2	GGTGTTCAC:GGTGTTCAT	1:1	FALSE	1.5	1	0.5	0	0	0	0	0	SARSCOV2_vs_EPI_ISL_410540	ORF2	dNNdNS	1000	5	77.74999999999999	3	33.08333333333333	0.0672342400167485	0.0966482688635724	0.695659020149192	-0.029414028846824	0.035520325630401	0.0578349174234075	NA	NA	0.0559085427038067	0.598811961912688	262	7	731	0.731	0.262	0.524
ORF3a	all	ss12	78	CAC	TCA	CTT	2	GTTCACTTT:GTTCATTTT	1:1	FALSE	1.66666666666667	0.333333333333333	1	0	0	1	0	0	SARSCOV2_vs_EPI_ISL_410540	ORF2	dNNdNS	1000	5	77.24999999999999	3	33.58333333333333	0.0676896531853506	0.0951140793534504	0.71166806897022294	-0.0274244261680998	0.0346936748116503	0.0614849755425097	NA	NA	0.0574914189878894	0.633349496545984	278	4	718	0.718	0.278	0.556
ORF3a	all	ss12	79	TTT	CTT	TGC	2	CACTTTGTT:CATTTTGCT	1:1	FALSE	2	0.333333333333333	0.666666666666667	0	0	0	0	0	SARSCOV2_vs_EPI_ISL_410540	ORF2	dNNdNS	1000	5	78.58333333333331	3	32.58333333333333	0.0664886936625222	0.0982328346145694	0.676847959477094	-0.0317441409520472	0.0356682100047991	0.0617688701478692	NA	NA	0.0582307814144564	0.585654720910958	291	5	704	0.704	0.291	0.582
ORF3a	all	ss12	80	GCT	TGC	TTG	2	TTTGCTTGC:TTTGTTTGC	1:1	FALSE	1.5	0.666666666666667	0.5	0.333333333333333	0	0	1	0	SARSCOV2_vs_EPI_ISL_410540	ORF2	dNNdNS	1000	5	77.41666666666664	3	32.916666666666664	0.0675371643768684	0.097170738715697	0.695036029050569	-0.0296335743388286	0.0353439737766938	0.0594766934226338	NA	NA	0.0573473290643816	0.605338697737167	289	1	710	0.71	0.289	0.578
ORF3a	all	ss12	81	TGC	TTG	CAA	2	GCTTGCAAC:GTTTGCAAC	1:1	FALSE	2.66666666666667	0	0.333333333333333	0	0	0	0	0	SARSCOV2_vs_EPI_ISL_410540	ORF2	dNNdNS	1000	5	77.74999999999997	2	33.08333333333333	0.0672342400167486	0.0630291953285242	1.0667158237751	0.00420504468822443	0.0349786882958852	0.0469258782181491	NA	NA	0.0403554777468073	0.917010557144633	493	14	493	0.493	0.493	0.986
ORF3a	all	ss12	82	AAC	CAA	CTT	2	TGCAACTTG	2	FALSE	2.33333333333333	0.333333333333333	0.333333333333333	0	0	0	0	0	SARSCOV2_vs_EPI_ISL_410540	ORF2	dNNdNS	1000	5	77.0833333333333	2	33.75	0.0678428326164385	0.0617314855970427	1.09899886517049	0.00611134701939578	0.0364403102425687	0.0451634651894413	NA	NA	0.0415893314517546	0.883175381140315	549	7	444	0.444	0.549	0.888
ORF3a	all	ss12	83	TTG	CTT	GCT	2	AACTTGCTG:AACTTGCTT	1:1	FALSE	1.33333333333333	0.666666666666667	1	0	0	0	0	0	SARSCOV2_vs_EPI_ISL_410540	ORF2	dNNdNS	1000	5	77.0833333333333	2	33.75	0.0678428326164385	0.0617314855970427	1.09899886517049	0.00611134701939578	0.0343712250128598	0.0462492671074172	NA	NA	0.0397301291747186	0.877750501790352	545	27	428	0.428	0.545	0.856
ORF3a	all	ss12	84	CTG	GCT	GTT	2	TTGCTGTTG:TTGCTTCTA	1:1	FALSE	0.833333333333333	1.16666666666667	1	0	0	1	0	0	SARSCOV2_vs_EPI_ISL_410540	ORF2	dNNdNS	1000	5	77.99999999999997	2	33.25	0.0670088252518875	0.0626996766264699	1.06872680781257	0.00430914862541761	0.0382910160055987	0.0460812644167486	NA	NA	0.0414307677666874	0.917162667949086	506	4	490	0.49	0.506	0.98
ORF3a	all	ss12	85	CTA	GTT	ACT	2	CTGTTGTTG:CTTCTACTA	1:1	TRUE	1	1	1	0	0	2	0	0	SARSCOV2_vs_EPI_ISL_410540	ORF2	dNNdNS	1000	6	78.58333333333331	2	32.916666666666664	0.0805241909860523	0.0633621979772033	1.27085539259581	0.017161993008849	0.0389034936239136	0.0453385867996566	NA	NA	0.045917028033618	0.708582158603702	649	5	346	0.346	0.649	0.692
ORF3a	all	ss12	86	CTA	ACT	ATT	2	CTACTATTT:TTGTTGTTT	1:1	TRUE	1	1	1	0	0	2	0	0	SARSCOV2_vs_EPI_ISL_410540	ORF2	dNNdNS	1000	6	79.08333333333331	2	32.416666666666664	0.0799869383386865	0.0643826713791054	1.24236749773395	0.0156042669595811	0.0380397210969986	0.0475594185852779	NA	NA	0.0441634664236483	0.72384123779711	610	6	384	0.384	0.61	0.768
ORF3a	all	ss12	87	TTT	ATT	TGT	2	CTATTTGTT:TTGTTTGTA	1:1	FALSE	1.83333333333333	0.333333333333333	0.833333333333333	0	0	0	0	0	SARSCOV2_vs_EPI_ISL_410540	ORF2	dNNdNS	1000	6	80.24999999999999	2	31.75	0.0787608262631878	0.0657955896932053	1.19705327713358	0.0129652365699824	0.0381422221854112	0.0508278655854314	NA	NA	0.0432521540458951	0.764360742066795	594	4	402	0.402	0.594	0.804
ORF3a	all	ss12	88	GTA	TGT	AAC	2	TTTGTAACA:TTTGTTACA	1:1	FALSE	1.5	1	0.5	0	0	1	0	0	SARSCOV2_vs_EPI_ISL_410540	ORF2	dNNdNS	1000	6	80.74999999999999	2	31.25	0.0782467920383731	0.0668966841033532	1.16966622616876	0.0113501079350198	0.0388097050757616	0.0473404698285795	NA	NA	0.0455939881246939	0.803408202450811	605	2	393	0.393	0.605	0.786
ORF3a	all	ss12	89	ACA	AAC	AGT	2	GTAACAGTT:GTTACAGTC	1:1	FALSE	1.33333333333333	1	0.666666666666667	0	0	0	0	0	SARSCOV2_vs_EPI_ISL_410540	ORF2	dNNdNS	1000	6	80.24999999999999	2	31.75	0.0787608262631878	0.0657955896932053	1.19705327713358	0.0129652365699824	0.0387345778974686	0.0472332529545853	NA	NA	0.0447489370739315	0.772020631650619	599	5	396	0.396	0.599	0.792
ORF3a	all	ss12	90	GTC	AGT	CTA	2	ACAGTCTAC:ACAGTTTAC	1:1	FALSE	1.66666666666667	0.666666666666667	0.333333333333333	0.333333333333333	0	0	0	1	SARSCOV2_vs_EPI_ISL_410540	ORF2	dNNdNS	1000	6	80.24999999999999	2	32.08333333333333	0.0787608262631878	0.0650814580158656	1.21018841102158	0.0136793682473222	0.0377142981876252	0.0463358973853785	NA	NA	0.045090942968381	0.761605727634807	628	10	362	0.362	0.628	0.724
ORF3a	all	ss12	91	TAC	CTA	CTC	2	GTCTACTCT:GTTTACTCA	1:1	FALSE	1.33333333333333	1	0.666666666666667	0	0	0	0	0	SARSCOV2_vs_EPI_ISL_410540	ORF2	dNNdNS	1000	6	79.58333333333331	2	32.75	0.0794568138723562	0.0636987401522852	1.24738438597683	0.015758073720071	0.0375370414275992	0.0478290415497058	NA	NA	0.0448577828999675	0.725371077865936	658	6	336	0.336	0.658	0.672
ORF3a	all	ss12	92	TCA	CTC	ACA	2	TACTCACAC:TACTCTCAC	1:1	FALSE	1	1	1	0	0	1	0	0	SARSCOV2_vs_EPI_ISL_410540	ORF2	dNNdNS	1000	6	79.91666666666664	2	32.416666666666664	0.0791072878500077	0.0643826713791054	1.22870465228445	0.0147246164709023	0.0379070650081432	0.0489656431295139	NA	NA	0.0432230505712077	0.733355163969633	643	5	352	0.352	0.643	0.704
ORF3a	all	ss12	93	CAC	ACA	CCT	2	TCACACCTT:TCTCACCTT	1:1	FALSE	1.66666666666667	0.333333333333333	1	0	0	0	0	0	SARSCOV2_vs_EPI_ISL_410540	ORF2	dNNdNS	1000	6	79.58333333333331	2	31.416666666666664	0.0794568138723562	0.0665255778124882	1.19437991348706	0.0129312360598679	0.0401990136545047	0.0458622167927986	NA	NA	0.0441222025200357	0.769462719531375	610	11	379	0.379	0.61	0.758
ORF3a	all	ss12	94	CTT	CCT	TTT	2	CACCTTTTG	2	FALSE	1	1	1	0	0	0	0	0	SARSCOV2_vs_EPI_ISL_410540	ORF2	dNNdNS	1000	6	79.41666666666664	2	30.916666666666664	0.0796327387923167	0.0676514664202386	1.1771029218739	0.0119812723720781	0.0364074270716918	0.0509406188520034	NA	NA	0.0467350678561533	0.797668404595915	602	3	395	0.395	0.602	0.79
ORF3a	all	ss12	95	TTG	TTT	GCT	2	CTTTTGCTC:CTTTTGCTT	1:1	FALSE	1.83333333333333	0.666666666666667	0.5	0	0	0	0	0	SARSCOV2_vs_EPI_ISL_410540	ORF2	dNNdNS	1000	6	80.74999999999997	2	30.249999999999996	0.0782467920383731	0.0692133441658409	1.13051598620762	0.00903344787253214	0.038468913727841	0.0476949803436351	NA	NA	0.04600888508958	0.844342977103716	574	5	421	0.421	0.574	0.842
ORF3a	all	ss12	96	CTC	GCT	CGT	2	TTGCTCGTT:TTGCTTGTT	1:1	FALSE	1	1	1	0	0	1	0	0	SARSCOV2_vs_EPI_ISL_410540	ORF2	dNNdNS	1000	6	80.24999999999997	2	30.416666666666664	0.0787608262631878	0.0688161477015357	1.14451082912667	0.00994467856165204	0.0389356378697195	0.0486953101045124	NA	NA	0.045731338995153	0.827850871859517	615	2	383	0.383	0.615	0.766
ORF3a	all	ss12	97	GTT	CGT	TGC	2	CTCGTTGCT:CTTGTTGCT	1:1	FALSE	1.25	1	0.75	0	0	0	0	0	SARSCOV2_vs_EPI_ISL_410540	ORF2	dNNdNS	1000	6	81.24999999999997	2	30.083333333333332	0.0777394299845027	0.0696151556756318	1.1167026666826	0.00812427430887086	0.0369166279845865	0.0500726274728685	NA	NA	0.0473805493618288	0.863855354139221	577	4	419	0.419	0.577	0.838
ORF3a	all	ss12	98	GCT	TGC	TGC	2	GTTGCTGCT	2	FALSE	1.5	1	0.5	0	0	0	0	0	SARSCOV2_vs_EPI_ISL_410540	ORF2	dNNdNS	1000	6	80.99999999999997	2	30.333333333333332	0.0779922851430357	0.0690141740401891	1.13009082884363	0.00897811110284663	0.0379455996460764	0.0489571763623184	NA	NA	0.0466573421252448	0.847408101709481	577	5	418	0.418	0.577	0.836
ORF3a	all	ss12	99	GCT	TGC	TGG	2	GCTGCTGGC	2	FALSE	1.5	1	0.5	0	0	0	0	0	SARSCOV2_vs_EPI_ISL_410540	ORF2	dNNdNS	1000	6	81.66666666666664	2	30.166666666666664	0.0773216317702307	0.0694136680239339	1.11392516735422	0.00790796374629683	0.0378789393303517	0.0497425913454756	NA	NA	0.0475234323983623	0.867841104357598	564	4	432	0.432	0.564	0.864
ORF3a	all	ss12	100	GGC	TGG	CCT	2	GCTGGCCTT	2	FALSE	2	1	0	0	0	0	0	0	SARSCOV2_vs_EPI_ISL_410540	ORF2	dNNdNS	1000	6	82.16666666666664	2	30.666666666666664	0.0768261689073374	0.068228833654295	1.12600736070917	0.00859733525304246	0.037512806965655	0.0501676068909867	NA	NA	0.0452629642917937	0.8493546271988	561	8	431	0.431	0.561	0.862
ORF3a	all	ss12	101	CTT	CCT	TGA	2	GGCCTTGAA	2	FALSE	1	0	1	0	0	0	0	0	SARSCOV2_vs_EPI_ISL_410540	ORF2	dNNdNS	1000	6	81.83333333333331	2	31.666666666666664	0.0771557683120387	0.0659765797094679	1.16944177239559	0.0111791886025708	0.0363992750883802	0.049518256536271	NA	NA	0.0455045301415333	0.805936154327812	597	2	401	0.401	0.597	0.802
ORF3a	all	ss12	102	GAA	TGA	AGC	2	CTTGAAGCC	2	FALSE	0.666666666666667	0.333333333333333	0	0	0	0	0	0	SARSCOV2_vs_EPI_ISL_410540	ORF2	dNNdNS	1000	6	81.83333333333331	2	31.666666666666664	0.0771557683120387	0.0659765797094679	1.16944177239559	0.0111791886025708	0.0373786428516525	0.0481663912736869	NA	NA	0.0447457572069138	0.802712664245743	626	6	368	0.368	0.626	0.736
ORF3a	all	ss12	103	GCC	AGC	CCA	2	GAAGCCCAA:GAAGCCCCT	1:1	FALSE	1.66666666666667	1	0.333333333333333	0	0	0	0	0	SARSCOV2_vs_EPI_ISL_410540	ORF2	dNNdNS	1000	6	81.83333333333331	2	31.666666666666664	0.0771557683120387	0.0659765797094679	1.16944177239559	0.0111791886025708	0.0382586214908989	0.0480140447765098	NA	NA	0.046086004108991	0.808336731892893	609	6	385	0.385	0.609	0.77
ORF3a	all	ss12	104	CAA	CCA	ATT	2	GCCCAATTT:GCCCCTTTT	1:1	TRUE	1.33333333333333	0.666666666666667	1	0	1	0	1	0	SARSCOV2_vs_EPI_ISL_410540	ORF2	dNNdNS	1000	6	82.33333333333331	2	31.666666666666664	0.0766624238758939	0.0659765797094679	1.16196420325943	0.010685844166426	0.0368584711858074	0.0464983485965659	NA	NA	0.0443849331244243	0.809745888868558	594	10	396	0.396	0.594	0.792
ORF3a	all	ss12	105	TTT	ATT	TCT	2	CAATTTCTC:CCTTTTCTC	1:1	FALSE	2.16666666666667	0.333333333333333	0.5	0	0	0	0	0	SARSCOV2_vs_EPI_ISL_410540	ORF2	dNNdNS	1000	5	82.33333333333331	1	31.333333333333332	0.0633287393599309	0.0326138339548042	1.94177536586747	0.0307149054051267	0.0354576002840881	0.0336669021119075	NA	NA	0.0385367753340423	0.425434522198996	776	16	208	0.208	0.776	0.416
ORF3a	all	ss12	106	CTC	TCT	CTA	2	TTTCTCTAT	2	FALSE	1	0.666666666666667	1	0.333333333333333	0	0	0	0	SARSCOV2_vs_EPI_ISL_410540	ORF2	dNNdNS	1000	5	81.83333333333331	1	31.833333333333332	0.0637325912188816	0.0320904564039067	1.98602944179762	0.0316421348149749	0.0347590803663367	0.0335141273679991	NA	NA	0.0388726765467047	0.415648250541903	797	16	187	0.187	0.797	0.374
ORF3a	all	ss12	107	TAT	CTA	TCT	2	CTCTATCTT	2	FALSE	1	1	1	0	0	0	0	0	SARSCOV2_vs_EPI_ISL_410540	ORF2	dNNdNS	1000	5	81.83333333333331	1	31.833333333333332	0.0637325912188816	0.0320904564039067	1.98602944179762	0.0316421348149749	0.0338715304895578	0.0333954491069485	NA	NA	0.0387613919578875	0.414310716670029	791	16	193	0.193	0.791	0.386
ORF3a	all	ss12	108	CTT	TCT	TTA	2	TATCTTTAC:TATCTTTAT	1:1	FALSE	1	0.666666666666667	1	0.333333333333333	0	0	0	0	SARSCOV2_vs_EPI_ISL_410540	ORF2	dNNdNS	1000	5	82.99999999999999	1	31.166666666666664	0.062798169682851	0.0327921082603737	1.91503910587954	0.0300060614224773	0.0323362036093437	0.0337636934492868	NA	NA	0.0391865175239527	0.44384047556227	771	21	208	0.208	0.771	0.416
ORF3a	all	ss12	109	TAC	TTA	CGC	2	CTTTACGCT:CTTTATGCT	1:1	FALSE	1.66666666666667	1	0.333333333333333	0	0	1	0	0	SARSCOV2_vs_EPI_ISL_410540	ORF2	dNNdNS	1000	5	83.33333333333331	1	31.166666666666664	0.0625362067042884	0.0327921082603737	1.90705050763259	0.0297440984439147	0.0332169757406271	0.0338321073469271	NA	NA	0.0378982517447067	0.432546849850497	799	13	188	0.188	0.799	0.376
ORF3a	all	ss12	110	GCT	CGC	TTT	2	TACGCTTTA:TATGCTTTA	1:1	FALSE	1.25	1	0.75	0	0	0	0	0	SARSCOV2_vs_EPI_ISL_410540	ORF2	dNNdNS	1000	5	82.66666666666664	1	31.833333333333332	0.0630623379079061	0.0320904564039067	1.9651430666542	0.0309718815039993	0.0345499755821746	0.0331428237545504	NA	NA	0.0377141049771321	0.411516372614733	804	15	181	0.181	0.804	0.362
ORF3a	all	ss12	111	TTA	TTT	AGT	2	GCTTTAGTC:GCTTTAGTT	1:1	FALSE	1.33333333333333	0.666666666666667	1	0	0	0	0	0	SARSCOV2_vs_EPI_ISL_410540	ORF2	dNNdNS	1000	5	82.91666666666664	1	31.583333333333332	0.0628640039123036	0.0323500281131817	1.94324418180918	0.0305139757991219	0.0346493524648953	0.0323900706002583	NA	NA	0.0380359286594312	0.422413649727454	800	13	187	0.187	0.8	0.374
ORF3a	all	ss12	112	GTC	AGT	CTA	2	TTAGTCTAC:TTAGTTTAT	1:1	FALSE	1.66666666666667	0.666666666666667	0.333333333333333	0.333333333333333	0	0	0	1	SARSCOV2_vs_EPI_ISL_410540	ORF2	dNNdNS	1000	5	83.24999999999999	1	30.916666666666664	0.062601492219649807	0.0330632048490145	1.8933885116559	0.0295382873706353	0.0346182498599019	0.0333652808513631	NA	NA	0.0377794910588729	0.434296629436349	775	17	208	0.208	0.775	0.416
ORF3a	all	ss12	113	TAC	CTA	CTT	2	GTCTACTTC:GTTTATTTT	1:1	FALSE	1.33333333333333	1	0.666666666666667	0	0	1	0	0	SARSCOV2_vs_EPI_ISL_410540	ORF2	dNNdNS	1000	5	82.24999999999999	1	30.583333333333332	0.0633956919887587	0.0334317184415283	1.89627380655401	0.0299639735472304	0.0344596921234762	0.0344471811824346	NA	NA	0.0392813040854394	0.445579723304853	776	9	215	0.215	0.776	0.43
ORF3a	all	ss12	114	TTC	CTT	CTT	2	TACTTCTTG:TATTTTCTG	1:1	FALSE	2	0.333333333333333	0.666666666666667	0	0	1	0	0	SARSCOV2_vs_EPI_ISL_410540	ORF2	dNNdNS	1000	6	82.66666666666666	1	30.333333333333332	0.0763370207324568	0.0337135408966997	2.26428368845497	0.0426234798357571	0.0360599977848519	0.0355482304759702	NA	NA	0.041093636585229	0.299629505765948	856	3	141	0.141	0.856	0.282
ORF3a	all	ss12	115	CTG	CTT	GCA	2	TTCTTGCAG:TTTCTGCAA	1:1	FALSE	1	1	1	0	0	1	0	0	SARSCOV2_vs_EPI_ISL_410540	ORF2	dNNdNS	1000	6	82.33333333333333	1	29.999999999999996	0.0766624238758939	0.034096780557568	2.24837719638836	0.0425656433183258	0.0342612158955453	0.0345372232216712	NA	NA	0.0419125400826224	0.309828229542281	851	4	145	0.145	0.851	0.29
ORF3a	all	ss12	116	CAA	GCA	AAG	2	CTGCAAAGT:TTGCAGAGT	1:1	FALSE	1.5	0.5	1	0	0	1	0	0	SARSCOV2_vs_EPI_ISL_410540	ORF2	dNNdNS	1000	6	83	1	29.333333333333332	0.0760143706952156	0.0348900117261696	2.178685730799	0.041124358969046	0.0369181581985925	0.0352849638484329	NA	NA	0.0428234425160989	0.336892417280962	837	4	159	0.159	0.837	0.318
ORF3a	all	ss12	117	AGT	AAG	TAT	2	CAAAGTGTT:CAGAGTATA	1:1	FALSE	2.33333333333333	0.333333333333333	0.333333333333333	0	0	0	0	0	SARSCOV2_vs_EPI_ISL_410540	ORF2	dNNdNS	1000	6	82.5	1	29.333333333333332	0.0764993759663411	0.0348900117261696	2.19258670838915	0.0416093642401715	0.0372366234915879	0.0361115336529109	NA	NA	0.0417172357575921	0.318563490970717	854	3	143	0.143	0.854	0.286
ORF3a	all	ss12	118	ATA	TAT	AAA	2	AGTATAAAC:AGTGTTAAT	1:1	FALSE	1.75	0.5	0.75	0	1	0	0	0	SARSCOV2_vs_EPI_ISL_410540	ORF2	dNNdNS	1000	6	82.16666666666666	1	29.333333333333332	0.0768261689073374	0.0348900117261696	2.20195308360167	0.0419361571811678	0.0367853521839391	0.0364545847515698	NA	NA	0.0427344497760113	0.326435113856881	850	8	142	0.142	0.85	0.284
ORF3a	all	ss12	119	AAC	AAA	CTT	2	ATAAACTTT:GTTAATGCT	1:1	FALSE	2.33333333333333	0.333333333333333	0.333333333333333	0	0	1	0	0	SARSCOV2_vs_EPI_ISL_410540	ORF2	dNNdNS	1000	5	81.91666666666666	1	29.083333333333332	0.0636649250476359	0.0351970741664875	1.80881299242349	0.0284678508811484	0.0335087597703305	0.0386789934508575	NA	NA	0.0385603217881545	0.460351620104459	772	20	208	0.208	0.772	0.416
ORF3a	all	ss12	120	GCT	CTT	TGT	2	AACTTTGTA:AATGCTTGC	1:1	TRUE	1.58333333333333	0.5	0.75	0.166666666666667	1	0	1	0	SARSCOV2_vs_EPI_ISL_410540	ORF2	dNNdNS	1000	5	81.58333333333333	1	29.083333333333332	0.0639364560441675	0.0351970741664875	1.8165275824274	0.02873938187768	0.033814689396014	0.0343856048335053	NA	NA	0.0389659110026218	0.460786790941632	762	13	225	0.225	0.762	0.45
ORF3a	all	ss12	121	GTA	TGT	AAG	2	GCTTGCAGA:TTTGTAAGA	1:1	TRUE	2.08333333333333	0.5	0.416666666666667	0	2	0	0	0	SARSCOV2_vs_EPI_ISL_410540	ORF2	dNNdNS	1000	4	81	0	29.333333333333332	0.0510835693943594	0	-Inf	0.0510835693943594	0.0306130510259883	0	NA	NA	0.0301608960392634	0.0903219277011691	962	38	0	0	0.962	0.001
ORF3a	all	ss12	122	AGA	AAG	AAT	2	GTAAGAATA:TGCAGAATT	1:1	FALSE	1.83333333333333	0.833333333333333	0.333333333333333	0	0	0	0	0	SARSCOV2_vs_EPI_ISL_410540	ORF2	dNNdNS	1000	2	79.91666666666667	0	29.916666666666664	0.0254531319881873	0	-Inf	0.0254531319881873	0.0176938078923742	0	NA	NA	0.0179639075671585	0.156511005010828	864	136	0	0	0.864	0.001
ORF3a	all	ss12	123	ATA	AAT	AAT	2	AGAATAATA:AGAATTATT	1:1	FALSE	2	0.666666666666667	0.333333333333333	0	0	1	0	0	SARSCOV2_vs_EPI_ISL_410540	ORF2	dNNdNS	1000	2	79.75000000000001	0	29.916666666666664	0.0255072404553968	0	-Inf	0.0255072404553968	0.0178890260702027	0	NA	NA	0.018037640647524	0.157329079496099	887	113	0	0	0.887	0.001
ORF3a	all	ss12	124	ATA	AAT	AAT	2	ATAATAATG:ATTATTATG	1:1	FALSE	1.66666666666667	0.666666666666667	0.666666666666667	0	0	1	0	0	SARSCOV2_vs_EPI_ISL_410540	ORF2	dNNdNS	1000	2	78.41666666666669	0	29.583333333333332	0.0259485340559256	0	-Inf	0.0259485340559256	0.019468871309476	0	NA	NA	0.0192577018334771	0.177839629953305	842	158	0	0	0.842	0.001
ORF3a	all	ss12	125	ATG	AAT	GAG	2	ATAATGAGG:ATTATGAGG	1:1	FALSE	2.33333333333333	0	0.666666666666667	0	0	0	0	0	SARSCOV2_vs_EPI_ISL_410540	ORF2	dNNdNS	1000	2	78.75000000000001	0	28.916666666666664	0.0258367851740807	0	-Inf	0.0258367851740807	0.0185868744476423	0	NA	NA	0.01846865412025	0.161826978787077	861	139	0	0	0.861	0.001
ORF3a	all	ss12	126	AGG	GAG	GCT	2	ATGAGGCTT	2	FALSE	2	0.666666666666667	0.333333333333333	0	0	0	0	0	SARSCOV2_vs_EPI_ISL_410540	ORF2	dNNdNS	1000	2	78.08333333333336	0	28.58333333333333	0.026061253903872	0	-Inf	0.026061253903872	0.0189235066682437	0	NA	NA	0.0189047220755304	0.168031105426968	881	119	0	0	0.881	0.001
ORF3a	all	ss12	127	CTT	GCT	TTG	2	AGGCTTTGG	2	FALSE	1	0.666666666666667	1	0.333333333333333	0	0	0	0	SARSCOV2_vs_EPI_ISL_410540	ORF2	dNNdNS	1000	2	77.41666666666669	0	28.916666666666664	0.0262896575662818	0	-Inf	0.0262896575662818	0.0196724756998995	0	NA	NA	0.0188587908870785	0.163309549414663	865	135	0	0	0.865	0.001
ORF3a	all	ss12	128	TGG	TTG	GCT	2	CTTTGGCTG:CTTTGGCTT	1:1	FALSE	3	0	0	0	0	0	0	0	SARSCOV2_vs_EPI_ISL_410540	ORF2	dNNdNS	1000	2	78.75000000000001	0	28.249999999999996	0.0258367851740807	0	-Inf	0.0258367851740807	0.0179036571959688	0	NA	NA	0.0181535079318748	0.154666808461082	873	127	0	0	0.873	0.001
ORF3a	all	ss12	129	CTG	GCT	GTG	2	TGGCTGTGC:TGGCTTTGC	1:1	FALSE	0.833333333333333	1	1	0.166666666666667	0	1	0	0	SARSCOV2_vs_EPI_ISL_410540	ORF2	dNNdNS	1000	2	76.75000000000001	0	29.249999999999996	0.0265221005560517	0	-Inf	0.0265221005560517	0.019067774592758	0	NA	NA	0.0187272716284537	0.156708539872027	880	120	0	0	0.88	0.001
ORF3a	all	ss12	130	TGC	GTG	CTG	2	CTGTGCTGG:CTTTGCTGG	1:1	FALSE	1.83333333333333	0	0.666666666666667	0.5	0	0	0	0	SARSCOV2_vs_EPI_ISL_410540	ORF2	dNNdNS	1000	2	77.25000000000001	0	29.249999999999996	0.0263473854682498	0	-Inf	0.0263473854682498	0.0194484172106882	0	NA	NA	0.018695910703152	0.158758517703751	872	128	0	0	0.872	0.001
ORF3a	all	ss12	131	TGG	CTG	GAA	2	TGCTGGAAA:TGCTGGAAG	1:1	FALSE	2	0	1	0	0	0	0	0	SARSCOV2_vs_EPI_ISL_410540	ORF2	dNNdNS	1000	3	76.75000000000001	0	29.249999999999996	0.0401433603117785	0	-Inf	0.0401433603117785	0.0235863401052267	0	NA	NA	0.0239664268675695	0.0939375447509364	953	47	0	0	0.953	0.001
ORF3a	all	ss12	132	AAA	GAA	ATG	2	TGGAAATGC:TGGAAGTGC	1:1	FALSE	2.33333333333333	0.333333333333333	0.333333333333333	0	0	1	0	0	SARSCOV2_vs_EPI_ISL_410540	ORF2	dNNdNS	1000	4	77.08333333333334	0	28.58333333333333	0.0537744248135208	0	-Inf	0.0537744248135208	0.0263430754215637	0	NA	NA	0.0266754964949224	0.0438132118549768	985	15	0	0	0.985	0.001
ORF3a	all	ss12	133	TGC	ATG	CAG	2	AAATGCCGT:AAGTGCAGA	1:1	FALSE	2.25	0.25	0.5	0	0	0	0	0	SARSCOV2_vs_EPI_ISL_410540	ORF2	dNNdNS	1000	4	75.75000000000001	0	29.249999999999996	0.0547563501152288	0	-Inf	0.0547563501152288	0.0265547572619406	0	NA	NA	0.0273619225921343	0.0453721377363665	987	13	0	0	0.987	0.001
ORF3a	all	ss12	134	AGA	CAG	ATC	2	TGCAGATCC:TGCCGTTCC	1:1	TRUE	1.41666666666667	0.916666666666667	0.666666666666667	0	1	1	0	0	SARSCOV2_vs_EPI_ISL_410540	ORF2	dNNdNS	1000	4	74.16666666666667	0	28.749999999999996	0.0559700169039056	0	-Inf	0.0559700169039056	0.0274967342323938	0	NA	NA	0.028311985509793	0.0480527241912415	988	12	0	0	0.988	0.001
ORF3a	all	ss12	135	TCC	ATC	CAA	2	AGATCCAAA:CGTTCCAAA	1:1	FALSE	1.5	1	0.5	0	0	0	0	0	SARSCOV2_vs_EPI_ISL_410540	ORF2	dNNdNS	1000	3	73.75	0	29.08333333333333	0.0418226808888407	0	-Inf	0.0418226808888407	0.024541167230008	0	NA	NA	0.0242502947141074	0.084594953345923	959	41	0	0	0.959	0.001
ORF3a	all	ss12	136	AAA	CAA	AAA	2	TCCAAAAAC:TCCAAAAAT	1:1	FALSE	2.16666666666667	0.5	0.333333333333333	0	0	0	0	0	SARSCOV2_vs_EPI_ISL_410540	ORF2	dNNdNS	1000	3	73.91666666666667	0	29.58333333333333	0.04172570688178	0	-Inf	0.04172570688178	0.0247594922069399	0	NA	NA	0.0237948765535759	0.0795061956171934	954	46	0	0	0.954	0.001
ORF3a	all	ss12	137	AAC	AAA	CCC	2	AAAAACCCA:AAAAATCCA	1:1	FALSE	2.33333333333333	0.333333333333333	0.333333333333333	0	0	1	0	0	SARSCOV2_vs_EPI_ISL_410540	ORF2	dNNdNS	1000	3	73.75	0	29.58333333333333	0.0418226808888407	0	-Inf	0.0418226808888407	0.0229562686436643	0	NA	NA	0.0236510503817423	0.0770070302944746	965	35	0	0	0.965	0.001
ORF3a	all	ss12	138	CCA	CCC	ATT	2	AACCCATTA:AATCCATTA	1:1	FALSE	1	1	1	0	0	0	0	0	SARSCOV2_vs_EPI_ISL_410540	ORF2	dNNdNS	1000	3	73.41666666666667	0	29.249999999999996	0.0420179878270026	0	-Inf	0.0420179878270026	0.0234691470244885	0	NA	NA	0.0246529315540797	0.0883099335199743	957	43	0	0	0.957	0.001
ORF3a	all	ss12	139	TTA	ATT	ACT	2	CCATTACTT	2	FALSE	1.33333333333333	0.666666666666667	1	0	0	0	0	0	SARSCOV2_vs_EPI_ISL_410540	ORF2	dNNdNS	1000	3	74.41666666666667	0	28.249999999999996	0.0414374651394939	0	-Inf	0.0414374651394939	0.0237960236502438	0	NA	NA	0.0233041591239841	0.0753850381276842	958	42	0	0	0.958	0.001
ORF3a	all	ss12	140	CTT	ACT	TTA	2	TTACTTTAT	2	FALSE	1	0.666666666666667	1	0.333333333333333	0	0	0	0	SARSCOV2_vs_EPI_ISL_410540	ORF2	dNNdNS	1000	3	74.75000000000001	0	27.58333333333333	0.0412475068105866	0	-Inf	0.0412475068105866	0.0239287080944781	0	NA	NA	0.0238378497236037	0.0835701317764389	955	45	0	0	0.955	0.001
ORF3a	all	ss12	141	TAT	TTA	TGA	2	CTTTATGAT	2	FALSE	1.66666666666667	0	0.333333333333333	0	0	0	0	0	SARSCOV2_vs_EPI_ISL_410540	ORF2	dNNdNS	1000	3	74.75000000000001	0	27.58333333333333	0.0412475068105866	0	-Inf	0.0412475068105866	0.0238273710051953	0	NA	NA	0.0237864437169802	0.0829045572125899	955	45	0	0	0.955	0.001
ORF3a	all	ss12	142	GAT	TGA	TGC	2	TATGATGCC	2	FALSE	0.666666666666667	0.333333333333333	0	0	0	0	0	0	SARSCOV2_vs_EPI_ISL_410540	ORF2	dNNdNS	1000	3	74.58333333333334	0	28.249999999999996	0.0413422677171007	0	-Inf	0.0413422677171007	0.0225461995465181	0	NA	NA	0.0235611372296601	0.0793139757640998	957	43	0	0	0.957	0.001
ORF3a	all	ss12	143	GCC	TGC	CAA	2	GATGCCAAC:GATGCCAAT	1:1	FALSE	1.5	1	0.5	0	0	0	0	0	SARSCOV2_vs_EPI_ISL_410540	ORF2	dNNdNS	1000	3	76.25000000000001	0	28.58333333333333	0.0404138163712346	0	-Inf	0.0404138163712346	0.0232398445248597	0	NA	NA	0.0227295750271908	0.0753992885046885	957	43	0	0	0.957	0.001
ORF3a	all	ss12	144	AAC	CAA	CTA	2	GCCAACTAT:GCCAATTAC	1:1	FALSE	2.33333333333333	0	0.333333333333333	0.333333333333333	0	0	0	1	SARSCOV2_vs_EPI_ISL_410540	ORF2	dNNdNS	1000	3	77.25000000000001	0	28.58333333333333	0.0398765009105086	0	-Inf	0.0398765009105086	0.0226544262161053	0	NA	NA	0.0229969333141925	0.0829194831952335	960	40	0	0	0.96	0.001
ORF3a	all	ss12	145	TAC	CTA	CTT	2	AACTATTTT:AATTACTTT	1:1	FALSE	1.33333333333333	1	0.666666666666667	0	0	1	0	0	SARSCOV2_vs_EPI_ISL_410540	ORF2	dNNdNS	1000	3	76.58333333333334	0	29.249999999999996	0.0402331091273882	0	-Inf	0.0402331091273882	0.0230762241837877	0	NA	NA	0.022386220664247	0.072299668353567	945	55	0	0	0.945	0.001
ORF3a	all	ss12	146	TTT	CTT	TCT	2	TACTTTCTT:TATTTTCTT	1:1	FALSE	2	0.333333333333333	0.666666666666667	0	0	0	0	0	SARSCOV2_vs_EPI_ISL_410540	ORF2	dNNdNS	1000	3	76.58333333333334	0	29.249999999999996	0.0402331091273882	0	-Inf	0.0402331091273882	0.0234040920900211	0	NA	NA	0.0222448599283945	0.07050579221193	945	55	0	0	0.945	0.001
ORF3a	all	ss12	147	CTT	TCT	TTG	2	TTTCTTTGC	2	FALSE	1	0.666666666666667	1	0.333333333333333	0	0	0	0	SARSCOV2_vs_EPI_ISL_410540	ORF2	dNNdNS	1000	3	76.58333333333334	0	28.58333333333333	0.0402331091273882	0	-Inf	0.0402331091273882	0.0231253365034933	0	NA	NA	0.0213831830203295	0.0598998025027781	968	32	0	0	0.968	0.001
ORF3a	all	ss12	148	TGC	TTG	CTG	2	CTTTGCTGG	2	FALSE	2.16666666666667	0	0.333333333333333	0.5	0	0	0	0	SARSCOV2_vs_EPI_ISL_410540	ORF2	dNNdNS	1000	3	77.16666666666667	0	27.999999999999996	0.039920730758297	0	-Inf	0.039920730758297	0.0227979965170456	0	NA	NA	0.0229786835173059	0.0823352766005448	954	46	0	0	0.954	0.001
ORF3a	all	ss12	149	TGG	CTG	GCA	2	TGCTGGCAT	2	FALSE	2	0	1	0	0	0	0	0	SARSCOV2_vs_EPI_ISL_410540	ORF2	dNNdNS	1000	3	76.66666666666667	0	28.499999999999996	0.0401881846005798	0	-Inf	0.0401881846005798	0.023419506787858	0	NA	NA	0.0226854041377756	0.0764703337801466	950	50	0	0	0.95	0.001
ORF3a	all	ss12	150	CAT	GCA	TAC	2	TGGCATACT	2	FALSE	1.66666666666667	0.333333333333333	1	0	0	0	0	0	SARSCOV2_vs_EPI_ISL_410540	ORF2	dNNdNS	1000	3	77.00000000000001	0	27.83333333333333	0.0400094855289696	0	-Inf	0.0400094855289696	0.0225533550036812	0	NA	NA	0.0232371864774015	0.0851081108886051	963	37	0	0	0.963	0.001
ORF3a	all	ss12	151	ACT	TAC	TAA	2	CATACTAAT	2	FALSE	1	0	1	0	0	0	0	0	SARSCOV2_vs_EPI_ISL_410540	ORF2	dNNdNS	1000	3	76.83333333333334	0	27.83333333333333	0.0400986359257937	0	-Inf	0.0400986359257937	0.0234491193121763	0	NA	NA	0.0231793537837494	0.0836429642142434	954	46	0	0	0.954	0.001
ORF3a	all	ss12	152	AAT	TAA	TTG	2	ACTAATTGC:ACTAATTGT	1:1	FALSE	0.666666666666667	0	0	0.333333333333333	0	0	0	0	SARSCOV2_vs_EPI_ISL_410540	ORF2	dNNdNS	1000	3	77.33333333333334	0	27.33333333333333	0.0398323689854613	0	-Inf	0.0398323689854613	0.0240815261465289	0	NA	NA	0.0232916395771479	0.0872367771438799	947	53	0	0	0.947	0.001
ORF3a	all	ss12	153	TGC	TTG	CTA	2	AATTGCTAT:AATTGTTAC	1:1	FALSE	2.16666666666667	0	0.333333333333333	0.5	0	0	0	1	SARSCOV2_vs_EPI_ISL_410540	ORF2	dNNdNS	1000	4	77.91666666666667	1	28.08333333333333	0.0531784143271382	0.0364813554167594	1.45768746033784	0.0166970589103788	0.0272284541261396	0.037932344604085	NA	NA	0.0349770901778222	0.633097749325696	690	23	287	0.287	0.69	0.574
ORF3a	all	ss12	154	TAC	CTA	CGA	2	TGCTATGAC:TGTTACGAC	1:1	FALSE	1.33333333333333	0	0.666666666666667	0	0	0	0	0	SARSCOV2_vs_EPI_ISL_410540	ORF2	dNNdNS	1000	4	77.08333333333333	1	28.749999999999996	0.0537744248135208	0.0356149996994909	1.50988137771315	0.0181594251140298	0.0284568458414016	0.0383101949416845	NA	NA	0.0329746138775652	0.581832997712009	732	12	256	0.256	0.732	0.512
ORF3a	all	ss12	155	GAC	CGA	CTA	2	TACGACTAT:TATGACTAT	1:1	FALSE	1.66666666666667	0	1	0.333333333333333	0	0	0	0	SARSCOV2_vs_EPI_ISL_410540	ORF2	dNNdNS	1000	4	77.58333333333333	1	29.08333333333333	0.0534152253723939	0.0351970741664875	1.51760413719992	0.0182181512059064	0.0269069020361179	0.0379619615199669	NA	NA	0.0342256745695184	0.594521780452675	722	15	263	0.263	0.722	0.526
ORF3a	all	ss12	156	TAT	CTA	TTG	2	GACTATTGT	2	FALSE	1	0	1	1	0	0	0	0	SARSCOV2_vs_EPI_ISL_410540	ORF2	dNNdNS	1000	5	78.08333333333333	1	28.249999999999996	0.0669340227304818	0.0362608381183453	1.84590390635836	0.0306731846121365	0.0283529301966828	0.0376773793588743	NA	NA	0.0368177658039941	0.404783678489055	802	9	189	0.189	0.802	0.378
ORF3a	all	ss12	157	TGT	TTG	TAT	2	TATTGTATA	2	FALSE	2.16666666666667	0.5	0.333333333333333	0	0	0	0	0	SARSCOV2_vs_EPI_ISL_410540	ORF2	dNNdNS	1000	5	78.75	1	27.58333333333333	0.0663415654213976	0.0371593024135724	1.78532860178684	0.0291822630078252	0.0289613295860682	0.0393123941029319	NA	NA	0.036555138444513	0.424691720404634	796	7	197	0.197	0.796	0.394
ORF3a	all	ss12	158	ATA	TAT	ACC	2	TGTATACCA:TGTATACCT	1:1	FALSE	1.33333333333333	0.666666666666667	1	0	0	0	0	0	SARSCOV2_vs_EPI_ISL_410540	ORF2	dNNdNS	1000	5	78.25	1	28.249999999999996	0.0667849179180056	0.0362608381183453	1.8417918995705	0.0305240797996603	0.0297832805357594	0.0380301346861995	NA	NA	0.0359061828575731	0.39526587253616	813	2	185	0.185	0.813	0.37
ORF3a	all	ss12	159	CCA	ACC	ATA	2	ATACCATAT:ATACCTTAC	1:1	FALSE	1	0.833333333333333	1	0.166666666666667	0	1	0	0	SARSCOV2_vs_EPI_ISL_410540	ORF2	dNNdNS	1000	5	78.25	1	27.916666666666664	0.0667849179180056	0.0367045717801664	1.81952587045555	0.0300803461378392	0.030467720947092	0.0362597281635862	NA	NA	0.0364987575987613	0.409855966448773	800	6	194	0.194	0.8	0.388
ORF3a	all	ss12	160	TAC	ATA	CAA	2	CCATATAAT:CCTTACAAT	1:1	FALSE	1.5	0	0.5	0	0	0	0	0	SARSCOV2_vs_EPI_ISL_410540	ORF2	dNNdNS	1000	5	78.25	1	27.916666666666664	0.0667849179180056	0.0367045717801664	1.81952587045555	0.0300803461378392	0.0296524350530202	0.0386004716993651	NA	NA	0.0375569375202972	0.423174203558067	809	2	189	0.189	0.809	0.378
ORF3a	all	ss12	161	AAT	CAA	TAG	2	TACAATAGT:TATAATAGC	1:1	FALSE	1.66666666666667	0	0.333333333333333	0	0	0	0	0	SARSCOV2_vs_EPI_ISL_410540	ORF2	dNNdNS	1000	6	79.08333333333333	1	27.749999999999996	0.0799869383386865	0.0369305370773724	2.16587530723172	0.0430564012613141	0.0327757402701432	0.0389967951177916	NaN	NaN	0.0376114334133665	0.252304879380185	865	1	134	0.134	0.865	0.268
ORF3a	all	ss12	162	AGC	TAG	CAT	2	AATAGCATA:AATAGTGTA	1:1	FALSE	0.666666666666667	0.333333333333333	0	0	0	1	0	0	SARSCOV2_vs_EPI_ISL_410540	ORF2	dNNdNS	1000	7	79.16666666666666	1	27.916666666666664	0.0940829130843776	0.0367045717801664	2.56324780596449	0.0573783413042112	0.0338712766005143	0.0394293723758173	NA	NA	0.040157165014376	0.153048954083183	937	1	62	0.062	0.937	0.124
ORF3a	all	ss12	163	ATA	CAT	AAC	2	AGCATAACT:AGTGTAACT	1:1	FALSE	1.75	0.833333333333333	0.416666666666667	0	1	0	0	0	SARSCOV2_vs_EPI_ISL_410540	ORF2	dNNdNS	1000	7	79.83333333333333	1	28.583333333333332	0.0932463137734779	0.0358277072015149	2.60263134475809	0.057418606571963	0.0346237474788467	0.0375999741926566	NA	NA	0.0406236759794313	0.157530167311866	911	0	89	0.089	0.911	0.178
ORF3a	all	ss12	164	ACT	AAC	TTC	2	ATAACTTCT:GTAACTTCT	1:1	FALSE	1.66666666666667	1	0.333333333333333	0	0	0	0	0	SARSCOV2_vs_EPI_ISL_410540	ORF2	dNNdNS	1000	6	79.75	1	29.166666666666664	0.0792816652689176	0.0350941211300692	2.25911527959558	0.0441875441388484	0.0332272546318959	0.0378720282982435	NA	NA	0.0367788995993877	0.229581590190736	884	1	115	0.115	0.884	0.23
ORF3a	all	ss12	165	TCT	TTC	TTC	2	ACTTCTTCA	2	FALSE	1.66666666666667	1	0.333333333333333	0	0	0	0	0	SARSCOV2_vs_EPI_ISL_410540	ORF2	dNNdNS	1000	6	78.74999999999999	1	29.833333333333332	0.0803443058867966	0.0342916870035713	2.34296743343158	0.0460526188832252	0.0313425715932344	0.0354203061264365	NA	NA	0.0353141969084362	0.192205525483282	901	1	98	0.098	0.901	0.196
ORF3a	all	ss12	166	TCA	TTC	AAT	2	TCTTCAATT	2	FALSE	1	1	1	0	0	0	0	0	SARSCOV2_vs_EPI_ISL_410540	ORF2	dNNdNS	1000	6	78.08333333333331	1	30.499999999999996	0.0810687166991056	0.0335251341884302	2.4181474186935	0.0475435825106754	0.0318529084633837	0.0340153617506354	NaN	NaN	0.035586867443405	0.181553612138348	898	1	101	0.101	0.898	0.202
ORF3a	all	ss12	167	ATT	AAT	TGT	2	TCAATTGTC	2	FALSE	2	0.666666666666667	0.333333333333333	0	0	0	0	0	SARSCOV2_vs_EPI_ISL_410540	ORF2	dNNdNS	1000	6	78.08333333333331	1	30.499999999999996	0.0810687166991056	0.0335251341884302	2.4181474186935	0.0475435825106754	0.0320081551103753	0.0361128113592974	NA	NA	0.0364366451901349	0.191951164119738	915	1	84	0.084	0.915	0.168
ORF3a	all	ss12	168	GTC	TGT	CAT	2	ATTGTCATT	2	FALSE	1.5	1	0.5	0	0	0	0	0	SARSCOV2_vs_EPI_ISL_410540	ORF2	dNNdNS	1000	6	77.41666666666666	1	30.833333333333332	0.0818063224852469	0.0331545693783718	2.46742225940696	0.0486517531068751	0.0331619488571053	0.0353650235961165	NA	NA	0.0378143634027073	0.198235651287817	901	2	97	0.097	0.901	0.194
ORF3a	all	ss12	169	ATT	CAT	TAC	2	GTCATTACA:GTCATTACT	1:1	FALSE	2	0.666666666666667	0.333333333333333	0	0	0	0	0	SARSCOV2_vs_EPI_ISL_410540	ORF2	dNNdNS	1000	6	77.58333333333331	1	31.333333333333332	0.0816206643196587	0.0326138339548042	2.50263935337279	0.0490068303648545	0.0318932508321578	0.0329079525063076	NA	NA	0.0368506127901054	0.183558371534403	914	1	85	0.085	0.914	0.17
ORF3a	all	ss12	170	ACA	TAC	ATC	2	ATTACATCA:ATTACTTCA	1:1	FALSE	1	1	1	0	0	1	0	0	SARSCOV2_vs_EPI_ISL_410540	ORF2	dNNdNS	1000	7	77.16666666666666	1	31.75	0.0966854014827293	0.0321765161581571	3.00484368809513	0.0645088853245722	0.0359729446181649	0.0322595802498781	NA	NA	0.0384106695688943	0.093063938040439	956	0	44	0.044	0.956	0.088
ORF3a	all	ss12	171	TCA	ATC	AGG	2	ACATCAGGT:ACTTCAGGT	1:1	FALSE	1	0.666666666666667	1	0.333333333333333	0	0	0	0	SARSCOV2_vs_EPI_ISL_410540	ORF2	dNNdNS	1000	7	78.49999999999999	1	31.083333333333332	0.0949346803392896	0.0328819783981324	2.8871340766005	0.0620527019411572	0.0346322951513059	0.0342448758628971	NA	NA	0.0394236990122055	0.115488624057756	949	2	49	0.049	0.949	0.098
ORF3a	all	ss12	172	GGT	AGG	TGA	2	TCAGGTGAT	2	FALSE	1.66666666666667	0	0.333333333333333	0	0	0	0	0	SARSCOV2_vs_EPI_ISL_410540	ORF2	dNNdNS	1000	7	78.49999999999999	1	31.083333333333332	0.0949346803392896	0.0328819783981324	2.8871340766005	0.0620527019411572	0.0366909519997714	0.034784005332183	NaN	NaN	0.0381034406719857	0.103411965668806	944	1	55	0.055	0.944	0.11
ORF3a	all	ss12	173	GAT	TGA	TGG	2	GGTGATGGC	2	FALSE	0.666666666666667	0.333333333333333	0	0	0	0	0	0	SARSCOV2_vs_EPI_ISL_410540	ORF2	dNNdNS	1000	7	79.16666666666664	1	31.083333333333332	0.0940829130843776	0.0328819783981324	2.86123030509993	0.0612009346862452	0.0350404169915295	0.0351984699886001	NaN	NaN	0.03935280888098	0.119901794201839	947	0	53	0.053	0.947	0.106
ORF3a	all	ss12	174	GGC	TGG	CAC	2	GATGGCACA:GATGGCACT	1:1	FALSE	2	1	0	0	0	0	0	0	SARSCOV2_vs_EPI_ISL_410540	ORF2	dNNdNS	1000	7	79.8333333333333	1	31.75	0.093246313773478	0.0321765161581571	2.89796177172024	0.0610697976153209	0.0339772025783903	0.0337535725160317	NaN	NaN	0.038919442810382	0.116616858717928	943	0	57	0.057	0.943	0.114
ORF3a	all	ss12	175	ACA	CAC	AAC	2	GGCACAACA:GGCACTACA	1:1	FALSE	1.66666666666667	1	0.333333333333333	0	0	1	0	0	SARSCOV2_vs_EPI_ISL_410540	ORF2	dNNdNS	1000	7	79.8333333333333	1	31.75	0.093246313773478	0.0321765161581571	2.89796177172024	0.0610697976153209	0.0354586742373432	0.0337712820678422	NaN	NaN	0.0373947339687565	0.102445393559579	955	0	45	0.045	0.955	0.09
ORF3a	all	ss12	176	ACA	AAC	AAG	2	ACAACAAGT:ACTACAAGT	1:1	FALSE	1.33333333333333	1	0.666666666666667	0	0	0	0	0	SARSCOV2_vs_EPI_ISL_410540	ORF2	dNNdNS	1000	7	79.66666666666663	1	31.916666666666664	0.0934540638415832	0.0320048558445568	2.91999639977998	0.0614492079970264	0.0353399240164329	0.0343064965878553	NaN	NaN	0.0375217250924229	0.101484964704179	958	0	42	0.042	0.958	0.084
ORF3a	all	ss12	177	AGT	AAG	TCC	2	ACAAGTCCT	2	FALSE	2.33333333333333	0.333333333333333	0.333333333333333	0	0	0	0	0	SARSCOV2_vs_EPI_ISL_410540	ORF2	dNNdNS	1000	7	78.99999999999997	1	31.25	0.0942944168777401	0.0327027281115989	2.8833807551455	0.0615916887661412	0.0344699532146205	0.033557384422714	NaN	NaN	0.0395924606252059	0.119793280830796	943	1	56	0.056	0.943	0.112
ORF3a	all	ss12	178	CCT	TCC	TAT	2	AGTCCTATT	2	FALSE	1	1	1	0	0	0	0	0	SARSCOV2_vs_EPI_ISL_410540	ORF2	dNNdNS	1000	7	78.33333333333331	1	31.916666666666664	0.0951500406590925	0.0320048558445568	2.97298763416474	0.0631451848145357	0.0337831410489444	0.0337552546688053	NA	NA	0.0387716174794297	0.103388280322216	941	0	59	0.059	0.941	0.118
ORF3a	all	ss12	179	ATT	TAT	TAC	2	CCTATTACA:CCTATTTCT	1:1	FALSE	1.33333333333333	0.666666666666667	1	0	0	0	0	0	SARSCOV2_vs_EPI_ISL_410540	ORF2	dNNdNS	1000	8	78.58333333333331	2	31.666666666666664	0.109408627044446	0.0659765797094679	1.6582949211104001	0.0434320473349782	0.0391048293267739	0.047826352780709	NaN	NaN	0.0447418004529187	0.331684536727103	839	1	160	0.16	0.839	0.32
ORF3a	all	ss12	180	ACA	TAC	AGA	2	ATTACAGAC:ATTTCTGAA	1:1	FALSE	1.33333333333333	0.5	0.666666666666667	0.5	1	0	0	0	SARSCOV2_vs_EPI_ISL_410540	ORF2	dNNdNS	1000	8	78.24999999999999	2	31.666666666666664	0.109910568819638	0.0659765797094679	1.6659027991999	0.0439339891101697	0.0391343581449973	0.0468174135503285	NaN	NaN	0.0443398381398127	0.321760366838009	832	0	168	0.168	0.832	0.336
ORF3a	all	ss12	181	GAA	AGA	ACA	2	ACAGACCAT:TCTGAACAT	1:1	FALSE	2.33333333333333	0.333333333333333	0.333333333333333	0	1	0	0	0	SARSCOV2_vs_EPI_ISL_410540	ORF2	dNNdNS	1000	7	78.58333333333331	2	32	0.094827365833507	0.0652585327422224	1.45310294070025	0.0295688330912847	0.0347523314039193	0.0476761403917254	NA	NA	0.040620983076362	0.466662452597315	762	0	238	0.238	0.762	0.476
ORF3a	all	ss12	182	CAT	ACA	TGA	2	GAACATGAC:GACCATGAC	1:1	FALSE	1	0	1	0	0	0	0	0	SARSCOV2_vs_EPI_ISL_410540	ORF2	dNNdNS	1000	6	77.91666666666666	2	32.666666666666664	0.0812518671161106	0.0638683562552301	1.27217720762082	0.0173835108608805	0.0327324572267746	0.0467509756048926	NA	NA	0.0415456613599273	0.675640502074006	668	3	329	0.329	0.668	0.658
ORF3a	all	ss12	183	GAC	TGA	CTA	2	CATGACTAC	2	FALSE	0.666666666666667	0	0	0.333333333333333	0	0	0	0	SARSCOV2_vs_EPI_ISL_410540	ORF2	dNNdNS	1000	6	78.91666666666666	2	32	0.0801652234595281	0.0652585327422224	1.22842515899321	0.0149066907173058	0.0329978628288847	0.0488791928867372	NA	NA	0.0417236591282554	0.720888268791385	653	5	342	0.342	0.653	0.684
ORF3a	all	ss12	184	TAC	CTA	CCA	2	GACTACCAA:GACTACCAG	1:1	FALSE	1	1	1	0	0	0	0	0	SARSCOV2_vs_EPI_ISL_410540	ORF2	dNNdNS	1000	6	79.58333333333333	2	32.666666666666664	0.0794568138723562	0.0638683562552301	1.24407168950508	0.0155884576171261	0.0322862824085584	0.0493392392594044	NaN	NaN	0.0373165428448789	0.676140260424249	694	4	302	0.302	0.694	0.604
ORF3a	all	ss12	185	CAA	CCA	AAT	2	TACCAAATT:TACCAGATT	1:1	FALSE	1.66666666666667	0.333333333333333	1	0	0	1	0	0	SARSCOV2_vs_EPI_ISL_410540	ORF2	dNNdNS	1000	6	80.25	3	32	0.0787608262631878	0.100148544468392	0.786440049441214	-0.0213877182052042	0.03169750675911	0.0620859401682979	NaN	NaN	0.0544903523264517	0.69468535541106	337	0	663	0.663	0.337	0.674
ORF3a	all	ss12	186	ATT	AAT	TGG	2	CAAATTGGT:CAGATTGGT	1:1	FALSE	2	0.666666666666667	0.333333333333333	0	0	0	0	0	SARSCOV2_vs_EPI_ISL_410540	ORF2	dNNdNS	1000	6	79.24999999999999	3	31	0.0798094452064726	0.103612753860613	0.770266615187526	-0.0238033086541403	0.0326791105597451	0.0652504910867877	NA	NA	0.0613444070274259	0.697995782309387	329	0	671	0.671	0.329	0.658
ORF3a	all	ss12	187	GGT	TGG	TGG	2	ATTGGTGGT	2	FALSE	2	1	0	0	0	0	0	0	SARSCOV2_vs_EPI_ISL_410540	ORF2	dNNdNS	1000	6	79.24999999999999	3	31	0.0798094452064726	0.103612753860613	0.770266615187526	-0.0238033086541403	0.0319666236741878	0.0676097838623246	NA	NA	0.0581777494914089	0.682431067666432	360	0	640	0.64	0.36	0.72
ORF3a	all	ss12	188	GGT	TGG	TTA	2	GGTGGTTAT	2	FALSE	2	0.666666666666667	0	0.333333333333333	0	0	0	0	SARSCOV2_vs_EPI_ISL_410540	ORF2	dNNdNS	1000	6	78.74999999999999	3	31.5	0.0803443058867966	0.101851155869296	0.788840393622051	-0.0215068499824998	0.0326256068170312	0.0644593626387516	NaN	NaN	0.0570848597777711	0.706357721126127	387	0	613	0.613	0.387	0.774
ORF3a	all	ss12	189	TAT	TTA	TAC	2	GGTTATACG:GGTTATACT	1:1	FALSE	1.66666666666667	1	0.333333333333333	0	0	0	0	0	SARSCOV2_vs_EPI_ISL_410540	ORF2	dNNdNS	1000	6	77.74999999999999	3	32.5	0.0814358477684014	0.0985020015458152	0.826743076185351	-0.0170661537774138	0.0319183668434312	0.0640148246402909	NA	NA	0.0559326086396394	0.760274810598956	381	0	619	0.619	0.381	0.762
ORF3a	all	ss12	190	ACG	TAC	GGA	2	TATACGGAA:TATACTGAA	1:1	FALSE	1	1	1	0	0	0	0	0	SARSCOV2_vs_EPI_ISL_410540	ORF2	dNNdNS	1000	6	76.74999999999999	3	32.166666666666664	0.0825574874404694	0.0995936054863591	0.828943655943624	-0.0170361180458896	0.0318075660195147	0.062857546015339	NA	NA	0.0570701333734186	0.765312440210985	412	0	588	0.588	0.412	0.824
ORF3a	all	ss12	191	GAA	GGA	AAA	2	ACGGAAAAG:ACTGAAAAA	1:1	FALSE	1.5	0.5	1	0	0	0	0	0	SARSCOV2_vs_EPI_ISL_410540	ORF2	dNNdNS	1000	6	76.74999999999999	3	32.166666666666664	0.0825574874404694	0.0995936054863591	0.828943655943624	-0.0170361180458896	0.0329484773962765	0.0629924988607168	NaN	NaN	0.0559634294455208	0.760811596132191	405	2	593	0.593	0.405	0.81
ORF3a	all	ss12	192	AAA	AAA	ATG	2	GAAAAATGG:GAAAAGTGG	1:1	FALSE	2.33333333333333	0.333333333333333	0.333333333333333	0	0	1	0	0	SARSCOV2_vs_EPI_ISL_410540	ORF2	dNNdNS	1000	6	76.91666666666666	3	32	0.0823684046093706	0.100148544468392	0.822462323807083	-0.0177801398590213	0.0336484836104097	0.0637512869913086	NA	NA	0.0570568965772099	0.755328403665568	374	0	626	0.626	0.374	0.748
ORF3a	all	ss12	193	TGG	ATG	GGA	2	AAATGGGAA:AAGTGGGAA	1:1	FALSE	2.5	0	0.5	0	0	0	0	0	SARSCOV2_vs_EPI_ISL_410540	ORF2	dNNdNS	1000	7	76.91666666666666	3	32	0.0970208852905795	0.100148544468392	0.96876979895799	-0.00312765917781252	0.0363031003065284	0.0637637870355475	NaN	NaN	0.0563440176135809	0.955732124362129	509	0	491	0.491	0.509	0.982
ORF3a	all	ss12	194	GAA	GGA	ATC	2	TGGGAATCT	2	FALSE	1.66666666666667	0.333333333333333	1	0	0	0	0	0	SARSCOV2_vs_EPI_ISL_410540	ORF2	dNNdNS	1000	7	76.08333333333333	3	32.5	0.0981562001449569	0.0985020015458152	0.99648939721598	-3.45801400858298e-4	0.0357198084323553	0.06172799215659	NaN	NaN	0.0596144914598581	0.995371795601493	500	0	500	0.5	0.5	1
ORF3a	all	ss12	195	TCT	ATC	TGG	2	GAATCTGGA:GAATCTGGT	1:1	FALSE	1.33333333333333	1	0.666666666666667	0	0	0	0	0	SARSCOV2_vs_EPI_ISL_410540	ORF2	dNNdNS	1000	7	75.91666666666666	3	32	0.0983864636202627	0.100148544468392	0.98240532743154	-0.00176208084812926	0.0358807898611788	0.065323596644561	NaN	NaN	0.0593475535606994	0.976313588687083	500	0	500	0.5	0.5	1
ORF3a	all	ss12	196	GGA	TGG	AGT	2	TCTGGAGTA:TCTGGTGTT	1:1	FALSE	2	1	0	0	0	1	0	0	SARSCOV2_vs_EPI_ISL_410540	ORF2	dNNdNS	1000	7	76.25	3	32.33333333333333	0.0979270134965697	0.0990447915097998	0.988714419040203	-0.00111777801323007	0.0366125315073976	0.0621516416579197	NA	NA	0.0561504145796091	0.984117678832984	511	1	488	0.488	0.511	0.976
ORF3a	all	ss12	197	GTA	AGT	AAA	2	GGAGTAAAA:GGTGTTAAA	1:1	FALSE	1.58333333333333	1	0.416666666666667	0	0	0	0	0	SARSCOV2_vs_EPI_ISL_410540	ORF2	dNNdNS	1000	7	76.25	3	32.666666666666664	0.0979270134965697	0.0979651368127982	0.999610848129562	-3.81233162284611e-5	0.0354939314820473	0.0644876593125183	NaN	NaN	0.0555993154641945	0.999452906878659	504	0	496	0.496	0.504	0.992
ORF3a	all	ss12	198	AAA	AAA	AGA	2	GTAAAAGAC:GTTAAAGAC	1:1	FALSE	1.66666666666667	0.5	0.833333333333333	0	0	0	0	0	SARSCOV2_vs_EPI_ISL_410540	ORF2	dNNdNS	1000	7	76.33333333333334	3	33.25	0.0978128216213729	0.0961313950679982	1.01749092013265	0.00168142655337465	0.0363535950076305	0.0619067959632803	NaN	NaN	0.0560525020120653	0.976069166157345	544	2	454	0.454	0.544	0.908
ORF3a	all	ss12	199	GAC	AGA	CTG	2	AAAGACTGT	2	FALSE	2.33333333333333	0	0.333333333333333	0.333333333333333	0	0	0	0	SARSCOV2_vs_EPI_ISL_410540	ORF2	dNNdNS	1000	7	76.33333333333334	3	32.75	0.0978128216213729	0.0976988961284261	1.00116608782147	1.13925492946768e-4	0.0366365760536514	0.0617565722573378	NaN	NaN	0.0582758718356425	0.998440189204529	511	2	487	0.487	0.511	0.974
ORF3a	all	ss12	200	TGT	CTG	TGT	2	GACTGTGTT	2	FALSE	1.5	0.5	1	0	0	0	0	0	SARSCOV2_vs_EPI_ISL_410540	ORF2	dNNdNS	1000	7	76.16666666666667	3	32.75	0.0980414726907267	0.0976988961284261	1.00350645274283	3.42576562300551e-4	0.0343058983642169	0.0636727348510322	NaN	NaN	0.0593632488165455	0.995395551317245	509	2	489	0.489	0.509	0.978
ORF3a	all	ss12	201	GTT	TGT	TAC	2	TGTGTTACA:TGTGTTGTA	1:1	FALSE	1.5	1	0.5	0	0	0	0	0	SARSCOV2_vs_EPI_ISL_410540	ORF2	dNNdNS	1000	7	76.00000000000001	3	33.08333333333333	0.098271196804803	0.0966482688635724	1.01679210564569	0.00162292794123058	0.0365168378650222	0.0598733319381478	NaN	NaN	0.0566665170792662	0.977151725364954	536	0	464	0.464	0.536	0.928
ORF3a	all	ss12	202	ACA	TAC	ATT	2	GTTACATTA:GTTGTATTA	1:1	TRUE	1.25	1	0.75	0	1	0	1	0	SARSCOV2_vs_EPI_ISL_410540	ORF2	dNNdNS	1000	7	75.50000000000001	3	33.58333333333333	0.0989668835968827	0.0951140793534504	1.04050719167575	0.00385280424343229	0.0364107148713462	0.0597191925143518	NA	NA	0.0529069549964713	0.94194755389339	569	0	431	0.431	0.569	0.862
ORF3a	all	ss12	203	TTA	ATT	ACA	2	ACATTACAT:GTATTACAC	1:1	FALSE	1.33333333333333	0.666666666666667	1	0	0	0	0	0	SARSCOV2_vs_EPI_ISL_410540	ORF2	dNNdNS	1000	6	75.25000000000001	2	33.83333333333333	0.0842991638602775	0.0615730216404005	1.36909252809782	0.0227261422198769	0.0332678136720706	0.0470395471441264	NA	NA	0.0497529494931631	0.647829327735119	691	3	306	0.306	0.691	0.612
ORF3a	all	ss12	204	CAC	ACA	CAG	2	TTACACAGT:TTACATGGT	1:1	FALSE	1.83333333333333	0.166666666666667	1	0	0	0	0	0	SARSCOV2_vs_EPI_ISL_410540	ORF2	dNNdNS	1000	6	75.08333333333334	2	33.66666666666666	0.0844972351423309	0.0618907677660027	1.36526396734645	0.0226064673763282	0.0331264537677883	0.0440461441296344	NaN	NaN	0.050557387347498	0.654770592316639	660	0	340	0.34	0.66	0.68
ORF3a	all	ss12	205	AGT	CAG	TTA	2	CACAGTTAC:CATGGTTAC	1:1	FALSE	2.16666666666667	0.333333333333333	0.166666666666667	0.333333333333333	1	0	0	0	SARSCOV2_vs_EPI_ISL_410540	ORF2	dNNdNS	1000	6	74.58333333333334	2	33.33333333333333	0.0850970793814355	0.0625362067042884	1.36076496906551	0.0225608726771472	0.0339636664975009	0.0505391891209075	NaN	NaN	0.0511760648041902	0.65932294414661	689	1	310	0.31	0.689	0.62
ORF3a	all	ss12	206	TAC	TTA	CTT	2	AGTTACTTC:GGTTACTTT	1:1	FALSE	1.66666666666667	1	0.333333333333333	0	0	0	0	0	SARSCOV2_vs_EPI_ISL_410540	ORF2	dNNdNS	1000	5	74.08333333333334	2	33.49999999999999	0.0707237388415596	0.0622118122355632	1.13682171118511	0.0085119266059964609	0.0311351365883882	0.0487026620660179	NaN	NaN	0.0480200991882719	0.859306068825758	594	3	403	0.403	0.594	0.806
ORF3a	all	ss12	207	TTC	CTT	CAC	2	TACTTCACT:TACTTTACA	1:1	FALSE	1.66666666666667	0.333333333333333	1	0	0	1	0	0	SARSCOV2_vs_EPI_ISL_410540	ORF2	dNNdNS	1000	5	73.91666666666667	2	33.66666666666666	0.070890985529723	0.0618907677660027	1.14542100685757	0.00900021776372029	0.0323440597166132	0.0441932935123737	NA	NA	0.0485380700827797	0.852894956054069	591	1	408	0.408	0.591	0.816
ORF3a	all	ss12	208	ACA	CAC	ATC	2	TTCACTTCA:TTTACATCA	1:1	FALSE	1.33333333333333	1	0.666666666666667	0	0	1	0	0	SARSCOV2_vs_EPI_ISL_410540	ORF2	dNNdNS	1000	5	74.58333333333334	2	32.99999999999999	0.0702267037754945	0.063195257713305	1.11126540687734	0.00703144606218953	0.0317157206794043	0.0491427972057159	NA	NA	0.0476612610973797	0.882714029890628	563	2	435	0.435	0.563	0.87
ORF3a	all	ss12	209	TCA	ATC	AGA	2	ACATCAGAA:ACTTCAGAC	1:1	FALSE	1	0.5	1	0.5	0	0	0	0	SARSCOV2_vs_EPI_ISL_410540	ORF2	dNNdNS	1000	5	74.25000000000001	2	33.33333333333333	0.0705572800165473	0.0625362067042884	1.12826286938362	0.00802107331225896	0.0299262704916156	0.0486409298930404	NA	NA	0.0509828418541889	0.874985662208896	576	3	421	0.421	0.576	0.842
ORF3a	all	ss12	210	GAA	AGA	ATG	2	TCAGAATGC:TCAGACTAT	1:1	FALSE	2.33333333333333	0.166666666666667	0.333333333333333	0.166666666666667	1	0	0	0	SARSCOV2_vs_EPI_ISL_410540	ORF2	dNNdNS	1000	5	74.91666666666667	3	32.66666666666666	0.0698992129639131	0.0979651368127982	0.713511104439978	-0.028065923848885	0.0305770867889055	0.0636306723598106	NA	NA	0.0676642807459238	0.67830151764724	321	1	678	0.678	0.321	0.642
ORF3a	all	ss12	211	TAT	ATG	CTA	2	GAATGCTAC:GACTATTAC	1:1	TRUE	1.75	0	0.5	0.75	1	0	0	1	SARSCOV2_vs_EPI_ISL_410540	ORF2	dNNdNS	1000	4	75.25000000000001	3	32.66666666666666	0.0551338852123344	0.0979651368127982	0.562790876489969	-0.0428312516004638	0.0288264873263549	0.0633023458825257	NA	NA	0.0624262199580948	0.492643767394274	249	3	748	0.748	0.249	0.498
ORF3a	all	ss12	212	TAC	CTA	CCA	2	TATTACCAG:TGCTACCAG	1:1	FALSE	1.33333333333333	1	0.666666666666667	0	0	0	0	0	SARSCOV2_vs_EPI_ISL_410540	ORF2	dNNdNS	1000	4	75.16666666666669	3	33.16666666666666	0.0551973146854054	0.0963891381007338	0.572650775523277	-0.0411918234153284	0.0278066638940476	0.0619786609117826	NaN	NaN	0.0659187695828251	0.532044814389126	230	0	770	0.77	0.23	0.46
ORF3a	all	ss12	213	CAG	CCA	GCT	2	TACCAGCTG	2	FALSE	1.66666666666667	0.333333333333333	1	0	0	0	0	0	SARSCOV2_vs_EPI_ISL_410540	ORF2	dNNdNS	1000	4	74.83333333333336	3	33.49999999999999	0.0554524994575896	0.095366381613935	0.581468002865769	-0.0399138821563454	0.0277910998347866	0.0589906506863654	NA	NA	0.0613445149923954	0.51527167289239	223	1	776	0.776	0.223	0.446
ORF3a	all	ss12	214	CTG	GCT	GTA	2	CAGCTGTAC	2	FALSE	0.666666666666667	1.33333333333333	1	0	0	0	0	0	SARSCOV2_vs_EPI_ISL_410540	ORF2	dNNdNS	1000	4	74.83333333333336	3	33.16666666666666	0.0554524994575896	0.0963891381007338	0.575298218764417	-0.0409366386431442	0.0276161937911019	0.063661001883211	NA	NA	0.0609575791036002	0.501864196864541	244	1	755	0.755	0.244	0.488
ORF3a	all	ss12	215	TAC	GTA	CTC	2	CTGTACTCA:CTGTACTCT	1:1	FALSE	1	1	1	0	0	0	0	0	SARSCOV2_vs_EPI_ISL_410540	ORF2	dNNdNS	1000	4	75.50000000000003	3	32.83333333333333	0.0549444688504894	0.0974341006801572	0.563914158050817	-0.0424896318296678	0.0274996683814465	0.0605462455347339	NA	NA	0.0627060465137002	0.498025197310293	238	2	760	0.76	0.238	0.476
ORF3a	all	ss12	216	TCA	CTC	AAC	2	TACTCAACT:TACTCTACA	1:1	FALSE	1	1	1	0	0	1	0	0	SARSCOV2_vs_EPI_ISL_410540	ORF2	dNNdNS	1000	4	74.50000000000003	3	31.833333333333325	0.0557100557871529	0.100709711722406	0.553174612799119	-0.0449996559352532	0.0277750689254895	0.0641370145578033	NA	NA	0.0659730203348595	0.495180907792998	215	0	785	0.785	0.215	0.43
ORF3a	all	ss12	217	ACA	AAC	ACA	2	TCAACTCAA:TCTACACAA	1:1	FALSE	1.33333333333333	1	0.666666666666667	0	0	1	0	0	SARSCOV2_vs_EPI_ISL_410540	ORF2	dNNdNS	1000	4	74.16666666666669	3	30.833333333333325	0.0559700169039056	0.104213595070396	0.53707020534219	-0.0482435781664908	0.0286064872639369	0.0691273902945232	NA	NA	0.0650673135679278	0.458426054288905	213	4	783	0.783	0.213	0.426
ORF3a	all	ss12	218	CAA	ACA	ACT	2	ACACAACTT:ACTCAATTG	1:1	FALSE	1.66666666666667	0.333333333333333	1	0	0	0	0	0	SARSCOV2_vs_EPI_ISL_410540	ORF2	dNNdNS	1000	4	73.83333333333336	3	31.16666666666666	0.0562324166616758	0.103018812035868	0.545846098886262	-0.0467863953741925	0.0288064746893576	0.0688521725545913	NA	NA	0.0662789104268762	0.480249271899936	213	0	787	0.787	0.213	0.426
ORF3a	all	ss12	219	CTT	ACT	GAG	2	CAACTTAGT:CAATTGAGT	1:1	FALSE	1.58333333333333	0.666666666666667	0.75	0	1	0	0	0	SARSCOV2_vs_EPI_ISL_410540	ORF2	dNNdNS	1000	4	73.83333333333336	3	30.499999999999993	0.0562324166616758	0.105436462965892	0.533329884936168	-0.0492040463042163	0.0277617959158418	0.0693713125337182	NA	NA	0.0663646734153671	0.458439276982808	209	2	789	0.789	0.209	0.418
ORF3a	all	ss12	220	AGT	GAG	TAC	2	CTTAGTACA:TTGAGTACA	1:1	FALSE	2.33333333333333	0.333333333333333	0.333333333333333	0	0	0	0	0	SARSCOV2_vs_EPI_ISL_410540	ORF2	dNNdNS	1000	3	73.9166666666667	3	30.083333333333325	0.0417257068817799	0.107006075844546	0.389937735333808	-0.0652803689627659	0.0244103720061236	0.0686520684849847	NA	NA	0.0673127804455965	0.332142974843589	107	3	890	0.89	0.107	0.214
ORF3a	all	ss12	221	ACA	TAC	AGA	2	AGTACAGAC:AGTACAGAT	1:1	FALSE	1	0.5	1	0.5	0	0	0	0	SARSCOV2_vs_EPI_ISL_410540	ORF2	dNNdNS	1000	3	73.25000000000004	3	30.083333333333325	0.0421163271222965	0.107006075844546	0.393588184501612	-0.0648897487222493	0.024607186426446	0.068695852805125	NA	NA	0.06954734566599	0.350804562260771	117	5	878	0.878	0.117	0.234
ORF3a	all	ss12	222	GAC	AGA	CAC	2	ACAGACACT:ACAGATACT	1:1	FALSE	2.33333333333333	0.333333333333333	0.333333333333333	0	0	1	0	0	SARSCOV2_vs_EPI_ISL_410540	ORF2	dNNdNS	1000	3	73.25000000000004	3	30.083333333333325	0.0421163271222965	0.107006075844546	0.393588184501612	-0.0648897487222493	0.0247491570538306	0.0674723592713194	NA	NA	0.0666871876685842	0.330530086329453	105	10	885	0.885	0.105	0.21
ORF3a	all	ss12	223	ACT	CAC	TGG	2	GACACTGGT:GATACTGGT	1:1	FALSE	1.33333333333333	1	0.666666666666667	0	0	0	0	0	SARSCOV2_vs_EPI_ISL_410540	ORF2	dNNdNS	1000	3	71.58333333333337	3	29.749999999999993	0.0431256509016318	0.10829587866142	0.398220610374853	-0.0651702277597884	0.0252206804258946	0.0667012596349243	NA	NA	0.073466107042646	0.375036464656033	128	9	863	0.863	0.128	0.256
ORF3a	all	ss12	224	GGT	TGG	TGT	2	ACTGGTGTT	2	FALSE	2	1	0	0	0	0	0	0	SARSCOV2_vs_EPI_ISL_410540	ORF2	dNNdNS	1000	3	71.25000000000004	3	30.083333333333325	0.0433333505001085	0.107006075844546	0.404961588938758	-0.0636727253444373	0.0253489316899413	0.0717956123091189	NA	NA	0.0670162341924992	0.34205688507493	128	1	871	0.871	0.128	0.256
ORF3a	all	ss12	225	GTT	TGT	TGA	2	GGTGTTGAA	2	FALSE	1.5	0	0.5	0	0	0	0	0	SARSCOV2_vs_EPI_ISL_410540	ORF2	dNNdNS	1000	3	70.25000000000004	3	31.083333333333325	0.0439686325106426	0.103314927985559	0.425578697754003	-0.059346295474916	0.0251474912702952	0.0640008995393075	NA	NA	0.0670294357027928	0.375953535889914	145	4	851	0.851	0.145	0.29
ORF3a	all	ss12	226	GAA	TGA	ACA	2	GTTGAACAT	2	FALSE	0.666666666666667	0.333333333333333	0	0	0	0	0	0	SARSCOV2_vs_EPI_ISL_410540	ORF2	dNNdNS	1000	3	70.58333333333337	3	31.083333333333325	0.0437548116643347	0.103314927985559	0.423509095127577	-0.0595601163212239	0.0246849163472356	0.0654282192624392	NA	NA	0.0658117256545228	0.365461325220632	128	7	865	0.865	0.128	0.256
ORF3a	all	ss12	227	CAT	ACA	TAC	2	GAACATACT:GAACATGTT	1:1	FALSE	1.66666666666667	0.333333333333333	1	0	0	0	0	0	SARSCOV2_vs_EPI_ISL_410540	ORF2	dNNdNS	NA	NA	NA	NA	NA	NA	NA	NA	NA	NA	NA	NA	NA	NA	NA	NA	NA	NA	NA	NA	NA
ORF3a	all	ss12	228	ACT	TAC	TAC	2	CATACTACC:CATGTTACC	1:1	TRUE	1.25	1	0.75	0	1	0	1	0	SARSCOV2_vs_EPI_ISL_410540	ORF2	dNNdNS	NA	NA	NA	NA	NA	NA	NA	NA	NA	NA	NA	NA	NA	NA	NA	NA	NA	NA	NA	NA	NA
ORF3a	all	ss12	229	ACC	TAC	CTT	2	ACTACCTTC:GTTACCTTC	1:1	FALSE	1	1	1	0	0	0	0	0	SARSCOV2_vs_EPI_ISL_410540	ORF2	dNNdNS	NA	NA	NA	NA	NA	NA	NA	NA	NA	NA	NA	NA	NA	NA	NA	NA	NA	NA	NA	NA	NA
ORF3a	all	ss12	230	TTC	CTT	CTT	2	ACCTTCTTC	2	FALSE	1.66666666666667	0.333333333333333	1	0	0	0	0	0	SARSCOV2_vs_EPI_ISL_410540	ORF2	dNNdNS	NA	NA	NA	NA	NA	NA	NA	NA	NA	NA	NA	NA	NA	NA	NA	NA	NA	NA	NA	NA	NA
ORF3a	all	ss12	231	TTC	CTT	CAT	2	TTCTTCATC:TTCTTCATT	1:1	FALSE	1.66666666666667	0.333333333333333	1	0	0	0	0	0	SARSCOV2_vs_EPI_ISL_410540	ORF2	dNNdNS	NA	NA	NA	NA	NA	NA	NA	NA	NA	NA	NA	NA	NA	NA	NA	NA	NA	NA	NA	NA	NA
ORF3a	all	ss12	232	ATC	CAT	CTA	2	TTCATCTAC:TTCATTTAC	1:1	FALSE	2	0.333333333333333	0.333333333333333	0.333333333333333	0	0	0	1	SARSCOV2_vs_EPI_ISL_410540	ORF2	dNNdNS	NA	NA	NA	NA	NA	NA	NA	NA	NA	NA	NA	NA	NA	NA	NA	NA	NA	NA	NA	NA	NA
ORF3a	all	ss12	233	TAC	CTA	CAA	2	ATCTACAAT:ATTTACAGT	1:1	FALSE	1.33333333333333	0	0.666666666666667	0	0	0	0	0	SARSCOV2_vs_EPI_ISL_410540	ORF2	dNNdNS	NA	NA	NA	NA	NA	NA	NA	NA	NA	NA	NA	NA	NA	NA	NA	NA	NA	NA	NA	NA	NA
ORF3a	all	ss12	234	AAT	CAA	TAA	2	TACAATAAA:TACAGTAGA	1:1	FALSE	1.66666666666667	0	0.333333333333333	0	0	0	1	0	SARSCOV2_vs_EPI_ISL_410540	ORF2	dNNdNS	NA	NA	NA	NA	NA	NA	NA	NA	NA	NA	NA	NA	NA	NA	NA	NA	NA	NA	NA	NA	NA
ORF3a	all	ss12	235	AAA	TAA	AAT	2	AATAAAATT:AGTAGAATT	1:1	FALSE	0.666666666666667	0.333333333333333	0	0	0	0	0	0	SARSCOV2_vs_EPI_ISL_410540	ORF2	dNNdNS	NA	NA	NA	NA	NA	NA	NA	NA	NA	NA	NA	NA	NA	NA	NA	NA	NA	NA	NA	NA	NA
ORF3a	all	ss12	236	ATT	AAT	TGT	2	AAAATTGTT:AGAATTGTG	1:1	FALSE	2	0.666666666666667	0.333333333333333	0	0	0	0	0	SARSCOV2_vs_EPI_ISL_410540	ORF2	dNNdNS	NA	NA	NA	NA	NA	NA	NA	NA	NA	NA	NA	NA	NA	NA	NA	NA	NA	NA	NA	NA	NA
ORF3a	all	ss12	237	GTG	TGT	GGA	2	ATTGTGGAT:ATTGTTGAT	1:1	FALSE	1.5	1	0.5	0	0	0	0	0	SARSCOV2_vs_EPI_ISL_410540	ORF2	dNNdNS	NA	NA	NA	NA	NA	NA	NA	NA	NA	NA	NA	NA	NA	NA	NA	NA	NA	NA	NA	NA	NA
ORF3a	all	ss12	238	GAT	GGA	TGA	2	GTGGATGAA:GTTGATGAG	1:1	FALSE	1	0	1	0	0	0	0	0	SARSCOV2_vs_EPI_ISL_410540	ORF2	dNNdNS	NA	NA	NA	NA	NA	NA	NA	NA	NA	NA	NA	NA	NA	NA	NA	NA	NA	NA	NA	NA	NA
ORF3a	all	ss12	239	GAA	TGA	ACC	2	GATGAACCA:GATGAGCCT	1:1	FALSE	0.666666666666667	0.333333333333333	0	0	0	1	0	0	SARSCOV2_vs_EPI_ISL_410540	ORF2	dNNdNS	NA	NA	NA	NA	NA	NA	NA	NA	NA	NA	NA	NA	NA	NA	NA	NA	NA	NA	NA	NA	NA
ORF3a	all	ss12	240	CCA	ACC	AGA	2	GAACCAGAA:GAGCCTGAA	1:1	FALSE	1	0.5	1	0.5	0	0	0	0	SARSCOV2_vs_EPI_ISL_410540	ORF2	dNNdNS	NA	NA	NA	NA	NA	NA	NA	NA	NA	NA	NA	NA	NA	NA	NA	NA	NA	NA	NA	NA	NA
ORF3a	all	ss12	241	GAA	AGA	AGA	2	CCAGAAGAC:CCTGAAGAA	1:1	FALSE	1.66666666666667	0.5	0.833333333333333	0	0	0	0	0	SARSCOV2_vs_EPI_ISL_410540	ORF2	dNNdNS	NA	NA	NA	NA	NA	NA	NA	NA	NA	NA	NA	NA	NA	NA	NA	NA	NA	NA	NA	NA	NA
ORF3a	all	ss12	242	GAA	AGA	ACA	2	GAAGAACAT:GAAGACCAT	1:1	FALSE	2.33333333333333	0.333333333333333	0.333333333333333	0	1	0	0	0	SARSCOV2_vs_EPI_ISL_410540	ORF2	dNNdNS	NA	NA	NA	NA	NA	NA	NA	NA	NA	NA	NA	NA	NA	NA	NA	NA	NA	NA	NA	NA	NA
ORF3a	all	ss12	243	CAT	ACA	TGT	2	GAACATGTC:GACCATGTT	1:1	FALSE	1.66666666666667	0.333333333333333	1	0	0	0	0	0	SARSCOV2_vs_EPI_ISL_410540	ORF2	dNNdNS	NA	NA	NA	NA	NA	NA	NA	NA	NA	NA	NA	NA	NA	NA	NA	NA	NA	NA	NA	NA	NA
ORF3a	all	ss12	244	GTC	TGT	CCA	2	CATGTCCAA:CATGTTCAA	1:1	FALSE	1.5	1	0.5	0	0	1	0	0	SARSCOV2_vs_EPI_ISL_410540	ORF2	dNNdNS	NA	NA	NA	NA	NA	NA	NA	NA	NA	NA	NA	NA	NA	NA	NA	NA	NA	NA	NA	NA	NA
ORF3a	all	ss12	245	CAA	CCA	AAT	2	GTCCAAATT:GTTCAAATT	1:1	FALSE	1.66666666666667	0.333333333333333	1	0	0	0	0	0	SARSCOV2_vs_EPI_ISL_410540	ORF2	dNNdNS	NA	NA	NA	NA	NA	NA	NA	NA	NA	NA	NA	NA	NA	NA	NA	NA	NA	NA	NA	NA	NA
ORF3a	all	ss12	246	ATT	AAT	TCA	2	CAAATTCAC	2	FALSE	2	0.666666666666667	0.333333333333333	0	0	0	0	0	SARSCOV2_vs_EPI_ISL_410540	ORF2	dNNdNS	NA	NA	NA	NA	NA	NA	NA	NA	NA	NA	NA	NA	NA	NA	NA	NA	NA	NA	NA	NA	NA
ORF3a	all	ss12	247	CAC	TCA	CAC	2	ATTCACACA	2	FALSE	1.66666666666667	0.333333333333333	1	0	0	0	0	0	SARSCOV2_vs_EPI_ISL_410540	ORF2	dNNdNS	NA	NA	NA	NA	NA	NA	NA	NA	NA	NA	NA	NA	NA	NA	NA	NA	NA	NA	NA	NA	NA
ORF3a	all	ss12	248	ACA	CAC	AAT	2	CACACAATC	2	FALSE	1.66666666666667	1	0.333333333333333	0	0	0	0	0	SARSCOV2_vs_EPI_ISL_410540	ORF2	dNNdNS	NA	NA	NA	NA	NA	NA	NA	NA	NA	NA	NA	NA	NA	NA	NA	NA	NA	NA	NA	NA	NA
ORF3a	all	ss12	249	ATC	AAT	CGA	2	ACAATCGAC	2	FALSE	2.16666666666667	0	0.333333333333333	0.5	0	0	0	0	SARSCOV2_vs_EPI_ISL_410540	ORF2	dNNdNS	NA	NA	NA	NA	NA	NA	NA	NA	NA	NA	NA	NA	NA	NA	NA	NA	NA	NA	NA	NA	NA
ORF3a	all	ss12	250	GAC	CGA	CGG	2	ATCGACGGC:ATCGACGGT	1:1	FALSE	1.33333333333333	0.333333333333333	1.33333333333333	0	0	0	0	0	SARSCOV2_vs_EPI_ISL_410540	ORF2	dNNdNS	NA	NA	NA	NA	NA	NA	NA	NA	NA	NA	NA	NA	NA	NA	NA	NA	NA	NA	NA	NA	NA
ORF3a	all	ss12	251	GGC	CGG	CTC	2	GACGGCTCA:GACGGTTCA	1:1	FALSE	1	1	1	0	0	1	0	0	SARSCOV2_vs_EPI_ISL_410540	ORF2	dNNdNS	NA	NA	NA	NA	NA	NA	NA	NA	NA	NA	NA	NA	NA	NA	NA	NA	NA	NA	NA	NA	NA
ORF3a	all	ss12	252	TCA	CTC	ATC	2	GGCTCATCA:GGTTCATCC	1:1	FALSE	1	1	1	0	0	0	0	0	SARSCOV2_vs_EPI_ISL_410540	ORF2	dNNdNS	NA	NA	NA	NA	NA	NA	NA	NA	NA	NA	NA	NA	NA	NA	NA	NA	NA	NA	NA	NA	NA
ORF3a	all	ss12	253	TCA	ATC	AGG	2	TCATCAGGA:TCATCCGGA	1:1	FALSE	1.16666666666667	0.666666666666667	0.833333333333333	0.333333333333333	0	0	0	1	SARSCOV2_vs_EPI_ISL_410540	ORF2	dNNdNS	NA	NA	NA	NA	NA	NA	NA	NA	NA	NA	NA	NA	NA	NA	NA	NA	NA	NA	NA	NA	NA
ORF3a	all	ss12	254	GGA	AGG	AGT	2	TCAGGAGTT:TCCGGAGTT	1:1	FALSE	1.33333333333333	1	0.666666666666667	0	0	0	0	0	SARSCOV2_vs_EPI_ISL_410540	ORF2	dNNdNS	NA	NA	NA	NA	NA	NA	NA	NA	NA	NA	NA	NA	NA	NA	NA	NA	NA	NA	NA	NA	NA
ORF3a	all	ss12	255	GTT	AGT	TGT	2	GGAGTTGTA:GGAGTTGTT	1:1	FALSE	1.66666666666667	1	0.333333333333333	0	0	0	0	0	SARSCOV2_vs_EPI_ISL_410540	ORF2	dNNdNS	NA	NA	NA	NA	NA	NA	NA	NA	NA	NA	NA	NA	NA	NA	NA	NA	NA	NA	NA	NA	NA
ORF3a	all	ss12	256	GTA	TGT	AAA	2	GTTGTAAAT:GTTGTTAAT	1:1	FALSE	1.5	1	0.5	0	0	0	0	0	SARSCOV2_vs_EPI_ISL_410540	ORF2	dNNdNS	NA	NA	NA	NA	NA	NA	NA	NA	NA	NA	NA	NA	NA	NA	NA	NA	NA	NA	NA	NA	NA
ORF3a	all	ss12	257	AAT	AAA	TCC	2	GTAAATCCA:GTTAATCCA	1:1	FALSE	2.33333333333333	0.333333333333333	0.333333333333333	0	0	0	0	0	SARSCOV2_vs_EPI_ISL_410540	ORF2	dNNdNS	NA	NA	NA	NA	NA	NA	NA	NA	NA	NA	NA	NA	NA	NA	NA	NA	NA	NA	NA	NA	NA
ORF3a	all	ss12	258	CCA	TCC	AGC	2	AATCCAGCA:AATCCAGTA	1:1	FALSE	1	1	1	0	0	0	0	0	SARSCOV2_vs_EPI_ISL_410540	ORF2	dNNdNS	NA	NA	NA	NA	NA	NA	NA	NA	NA	NA	NA	NA	NA	NA	NA	NA	NA	NA	NA	NA	NA
ORF3a	all	ss12	259	GCA	AGC	AAT	2	CCAGCAATG:CCAGTAATG	1:1	FALSE	1.66666666666667	1	0.333333333333333	0	0	0	1	0	SARSCOV2_vs_EPI_ISL_410540	ORF2	dNNdNS	NA	NA	NA	NA	NA	NA	NA	NA	NA	NA	NA	NA	NA	NA	NA	NA	NA	NA	NA	NA	NA
ORF3a	all	ss12	260	ATG	AAT	GGA	2	GCAATGGAT:GTAATGGAA	1:1	FALSE	2.66666666666667	0	0.333333333333333	0	0	0	0	0	SARSCOV2_vs_EPI_ISL_410540	ORF2	dNNdNS	NA	NA	NA	NA	NA	NA	NA	NA	NA	NA	NA	NA	NA	NA	NA	NA	NA	NA	NA	NA	NA
ORF3a	all	ss12	261	GAA	GGA	ACC	2	ATGGAACCA:ATGGATCCT	1:1	FALSE	1.66666666666667	0.333333333333333	1	0	1	0	0	0	SARSCOV2_vs_EPI_ISL_410540	ORF2	dNNdNS	NA	NA	NA	NA	NA	NA	NA	NA	NA	NA	NA	NA	NA	NA	NA	NA	NA	NA	NA	NA	NA
ORF3a	all	ss12	262	CCA	ACC	AAT	2	GAACCAATT:GATCCTATC	1:1	FALSE	1	1	1	0	0	1	0	0	SARSCOV2_vs_EPI_ISL_410540	ORF2	dNNdNS	NA	NA	NA	NA	NA	NA	NA	NA	NA	NA	NA	NA	NA	NA	NA	NA	NA	NA	NA	NA	NA
ORF3a	all	ss12	263	ATC	AAT	CTA	2	CCAATTTAT:CCTATCTAT	1:1	FALSE	1.66666666666667	0.333333333333333	0.666666666666667	0.333333333333333	0	0	0	1	SARSCOV2_vs_EPI_ISL_410540	ORF2	dNNdNS	NA	NA	NA	NA	NA	NA	NA	NA	NA	NA	NA	NA	NA	NA	NA	NA	NA	NA	NA	NA	NA
ORF3a	all	ss12	264	TAT	CTA	TGA	2	ATCTATGAT:ATTTATGAT	1:1	FALSE	1.33333333333333	0	0.666666666666667	0	0	0	0	0	SARSCOV2_vs_EPI_ISL_410540	ORF2	dNNdNS	NA	NA	NA	NA	NA	NA	NA	NA	NA	NA	NA	NA	NA	NA	NA	NA	NA	NA	NA	NA	NA
ORF3a	all	ss12	265	GAT	TGA	TGA	2	TATGATGAA:TATGATGAG	1:1	FALSE	0	0	0	0	0	0	0	0	SARSCOV2_vs_EPI_ISL_410540	ORF2	dNNdNS	NA	NA	NA	NA	NA	NA	NA	NA	NA	NA	NA	NA	NA	NA	NA	NA	NA	NA	NA	NA	NA
ORF3a	all	ss12	266	GAA	TGA	ACC	2	GATGAACCG:GATGAGCCG	1:1	FALSE	0.666666666666667	0.333333333333333	0	0	0	1	0	0	SARSCOV2_vs_EPI_ISL_410540	ORF2	dNNdNS	NA	NA	NA	NA	NA	NA	NA	NA	NA	NA	NA	NA	NA	NA	NA	NA	NA	NA	NA	NA	NA
ORF3a	all	ss12	267	CCG	ACC	GAC	2	GAACCGACG:GAGCCGACG	1:1	FALSE	1	1	1	0	0	0	0	0	SARSCOV2_vs_EPI_ISL_410540	ORF2	dNNdNS	NA	NA	NA	NA	NA	NA	NA	NA	NA	NA	NA	NA	NA	NA	NA	NA	NA	NA	NA	NA	NA
ORF3a	all	ss12	268	ACG	GAC	GAC	2	CCGACGACG	2	FALSE	1.66666666666667	1	0.333333333333333	0	0	0	0	0	SARSCOV2_vs_EPI_ISL_410540	ORF2	dNNdNS	NA	NA	NA	NA	NA	NA	NA	NA	NA	NA	NA	NA	NA	NA	NA	NA	NA	NA	NA	NA	NA
ORF3a	all	ss12	269	ACG	GAC	GAC	2	ACGACGACT	2	FALSE	1.66666666666667	1	0.333333333333333	0	0	0	0	0	SARSCOV2_vs_EPI_ISL_410540	ORF2	dNNdNS	NA	NA	NA	NA	NA	NA	NA	NA	NA	NA	NA	NA	NA	NA	NA	NA	NA	NA	NA	NA	NA
ORF3a	all	ss12	270	ACT	GAC	TAC	2	ACGACTACT	2	FALSE	1.66666666666667	1	0.333333333333333	0	0	0	0	0	SARSCOV2_vs_EPI_ISL_410540	ORF2	dNNdNS	NA	NA	NA	NA	NA	NA	NA	NA	NA	NA	NA	NA	NA	NA	NA	NA	NA	NA	NA	NA	NA
ORF3a	all	ss12	271	ACT	TAC	TAG	2	ACTACTAGC	2	FALSE	1	0	1	0	0	0	0	0	SARSCOV2_vs_EPI_ISL_410540	ORF2	dNNdNS	NA	NA	NA	NA	NA	NA	NA	NA	NA	NA	NA	NA	NA	NA	NA	NA	NA	NA	NA	NA	NA
ORF3a	all	ss12	272	AGC	TAG	CGT	2	ACTAGCGTG	2	FALSE	0.666666666666667	0.333333333333333	0	0	0	0	0	0	SARSCOV2_vs_EPI_ISL_410540	ORF2	dNNdNS	NA	NA	NA	NA	NA	NA	NA	NA	NA	NA	NA	NA	NA	NA	NA	NA	NA	NA	NA	NA	NA
ORF3a	all	ss12	273	GTG	CGT	GCC	2	AGCGTGCCT	2	FALSE	1	1	1	0	0	0	0	0	SARSCOV2_vs_EPI_ISL_410540	ORF2	dNNdNS	NA	NA	NA	NA	NA	NA	NA	NA	NA	NA	NA	NA	NA	NA	NA	NA	NA	NA	NA	NA	NA
ORF3a	all	ss12	274	CCT	GCC	TTT	2	GTGCCTTTG	2	FALSE	1	1	1	0	0	0	0	0	SARSCOV2_vs_EPI_ISL_410540	ORF2	dNNdNS	NA	NA	NA	NA	NA	NA	NA	NA	NA	NA	NA	NA	NA	NA	NA	NA	NA	NA	NA	NA	NA
ORF3a	all	ss12	275	TTG	TTT	GTA	2	CCTTTGTAA	2	FALSE	1.83333333333333	0.666666666666667	0.5	0	0	0	0	0	SARSCOV2_vs_EPI_ISL_410540	ORF2	dNNdNS	NA	NA	NA	NA	NA	NA	NA	NA	NA	NA	NA	NA	NA	NA	NA	NA	NA	NA	NA	NA	NA
